"","cruise","datetime_utc","datetime_utc_input","latitude_API","longitude_API","toi_source","cast","niskin","depth","depth_input","O2_Ar_delta","O2_Ar_ratio","cap_Delta_17O","d17O","d18O","iode_quality_flag","year"
"1","EN608",2018-01-31 19:37:20,2018-01-31 19:23:00,41.19636,-70.8783,"toi_niskin","01",6,11.852,12,-62.76,21.0197,26.3,0.1292,0.1987,1,"2018"
"2","EN608",2018-01-31 19:45:36,2018-01-31 19:23:00,41.19644,-70.8777,"toi_niskin","01",18,2.772,2,-62.498,21.0255,23.3,0.123,0.1926,1,"2018"
"3","EN608",2018-02-01 00:35:19,2018-02-01 00:29:00,41.0286,-70.65053,"toi_niskin","02",1,9.713,10,-94.741,20.3024,7.61,0.4008,0.7595,1,"2018"
"4","EN608",2018-02-01 00:37:55,2018-02-01 00:29:00,41.02868,-70.64938,"toi_niskin","02",3,4.066,5,-96.332,20.2667,12.7,0.4319,0.8097,1,"2018"
"5","EN608",2018-02-01 01:06:00,2018-02-01 01:06:00,NA,NA,"toi_underway",NA,NA,0,0,-91.149,20.383,18.2,0.3731,0.6854,1,"2018"
"6","EN608",2018-02-01 01:25:00,2018-02-01 01:25:00,NA,NA,"toi_underway",NA,NA,0,0,-85.758,20.5039,20.1,0.33,0.5984,1,"2018"
"7","EN608",2018-02-01 02:04:00,2018-02-01 02:04:00,NA,NA,"toi_underway",NA,NA,0,0,-80.307,20.6261,17.5,0.2703,0.4883,1,"2018"
"8","EN608",2018-02-01 02:43:00,2018-02-01 02:43:00,NA,NA,"toi_underway",NA,NA,0,0,-76.051,20.7216,22.9,0.226,0.3922,1,"2018"
"9","EN608",2018-02-01 02:59:00,2018-02-01 02:59:00,NA,NA,"toi_underway",NA,NA,0,0,-71.394,20.826,20.7,0.1906,0.3282,1,"2018"
"10","EN608",2018-02-01 03:38:00,2018-02-01 03:32:00,41.02574,-71.09488,"toi_niskin","03",1,9.859,10,-65.42,20.96,17.6,0.1507,0.257,1,"2018"
"11","EN608",2018-02-01 03:39:58,2018-02-01 03:32:00,41.02532,-71.09385,"toi_niskin","03",3,6.749,6,-66.748,20.9302,20.1,0.1576,0.2656,1,"2018"
"12","EN608",2018-02-01 05:49:51,2018-02-01 05:40:00,41.01935,-70.87092,"toi_niskin","04",10,15.215,15,-75.937,20.7241,21.3,0.2208,0.3853,1,"2018"
"13","EN608",2018-02-01 05:51:00,2018-02-01 05:51:00,NA,NA,"toi_underway",NA,NA,0,0,-77.951,20.679,22.3,0.2326,0.4061,1,"2018"
"14","EN608",2018-02-01 05:52:14,2018-02-01 05:40:00,41.0187,-70.87068,"toi_niskin","04",11,3.979,3,-76.433,20.713,24.7,0.2302,0.3969,1,"2018"
"15","EN608",2018-02-01 05:52:14,2018-02-01 05:40:00,41.0187,-70.87068,"toi_niskin","04",11,3.979,3,-75.479,20.7344,19.2,0.21,0.3686,1,"2018"
"16","EN608",2018-02-01 05:53:00,2018-02-01 05:53:00,NA,NA,"toi_underway",NA,NA,0,0,-77.933,20.6794,18.1,0.2391,0.4267,1,"2018"
"17","EN608",2018-02-01 09:29:33,2018-02-01 09:18:00,40.85678,-70.88425,"toi_niskin","05",10,14.979,15,-85.147,20.5176,20.5,0.3044,0.5484,1,"2018"
"18","EN608",2018-02-01 09:33:01,2018-02-01 09:18:00,40.85601,-70.88438,"toi_niskin","05",15,2.993,5,-84.411,20.5341,23.4,0.3062,0.5463,1,"2018"
"19","EN608",2018-02-01 13:54:08,2018-02-01 13:48:00,40.69095,-70.65586,"toi_niskin","06",1,10.553,10,-80.59,20.6198,18,0.269,0.4847,1,"2018"
"20","EN608",2018-02-01 13:56:43,2018-02-01 13:48:00,40.68994,-70.65543,"toi_niskin","06",3,4.913,5,-80.702,20.6173,19.1,0.28,0.5039,1,"2018"
"21","EN608",2018-02-01 14:38:00,2018-02-01 14:38:00,NA,NA,"toi_underway",NA,NA,0,0,-80.773,20.6157,19.9,0.2791,0.5007,1,"2018"
"22","EN608",2018-02-01 15:04:00,2018-02-01 15:04:00,NA,NA,"toi_underway",NA,NA,0,0,-79.03,20.6548,17.8,0.2635,0.4745,1,"2018"
"23","EN608",2018-02-01 15:27:00,2018-02-01 15:27:00,NA,NA,"toi_underway",NA,NA,0,0,-78.068,20.6764,24.7,0.2476,0.4305,1,"2018"
"24","EN608",2018-02-01 15:45:00,2018-02-01 15:45:00,NA,NA,"toi_underway",NA,NA,0,0,-81.284,20.6042,27.2,0.2761,0.4808,1,"2018"
"25","EN608",2018-02-01 16:14:00,2018-02-01 16:14:00,NA,NA,"toi_underway",NA,NA,0,0,-79.65,20.6409,18.1,0.2433,0.4348,1,"2018"
"26","EN608",2018-02-01 16:35:00,2018-02-01 16:35:00,NA,NA,"toi_underway",NA,NA,0,0,-81.657,20.5959,23.6,0.2586,0.4537,1,"2018"
"27","EN608",2018-02-01 17:00:00,2018-02-01 17:00:00,NA,NA,"toi_underway",NA,NA,0,0,-75.18,20.7411,20.4,0.2197,0.3849,1,"2018"
"28","EN608",2018-02-01 17:31:00,2018-02-01 17:31:00,NA,NA,"toi_underway",NA,NA,4.5,4.5,-77.548,20.688,17,0.2337,0.4186,4,"2018"
"29","EN608",2018-02-01 18:12:00,2018-02-01 18:12:00,NA,NA,"toi_underway",NA,NA,9.3,9.3,-77.578,20.6873,19.6,0.2399,0.4254,4,"2018"
"30","EN608",2018-02-01 19:20:33,2018-02-01 19:16:00,40.69588,-70.88512,"toi_niskin","08",1,61.897,61.6,-84.584,20.5302,31,0.2995,0.5187,1,"2018"
"31","EN608",2018-02-01 19:22:58,2018-02-01 19:16:00,40.69526,-70.88492,"toi_niskin","08",3,44.874,44.8,-84.226,20.5382,14.2,0.2805,0.5144,1,"2018"
"32","EN608",2018-02-01 19:25:45,2018-02-01 19:16:00,40.69452,-70.88458,"toi_niskin","08",8,29.332,29.2,-83.99,20.5435,20.2,0.2888,0.5187,1,"2018"
"33","EN608",2018-02-01 19:28:14,2018-02-01 19:16:00,40.69378,-70.88452,"toi_niskin","08",11,14.965,15,-74.571,20.7548,18.8,0.2426,0.4323,1,"2018"
"34","EN608",2018-02-01 19:30:48,2018-02-01 19:16:00,40.69306,-70.88426,"toi_niskin","08",15,5.48,5.6,-78.881,20.6581,18.6,0.2317,0.4115,1,"2018"
"35","EN608",2018-02-01 19:30:48,2018-02-01 19:16:00,40.69306,-70.88426,"toi_niskin","08",15,5.48,5.6,-79.161,20.6518,15.3,0.2246,0.4042,1,"2018"
"36","EN608",2018-02-01 19:33:00,2018-02-01 19:33:00,NA,NA,"toi_underway",NA,NA,0,0,-77.929,20.6795,27.2,0.2273,0.3864,1,"2018"
"37","EN608",2018-02-01 19:35:00,2018-02-01 19:35:00,NA,NA,"toi_underway",NA,NA,0,0,-78.091,20.6758,29.3,0.2273,0.3824,1,"2018"
"38","EN608",2018-02-01 23:44:05,2018-02-01 23:33:00,40.52268,-70.89574,"toi_niskin","09",8,29.223,29.3,-89.068,20.4297,18.2,0.2899,0.5248,1,"2018"
"39","EN608",2018-02-01 23:48:59,2018-02-01 23:33:00,40.52209,-70.89656,"toi_niskin","09",15,5.1,5,-90.647,20.3942,24,0.3161,0.5642,1,"2018"
"40","EN608",2018-02-02 04:07:46,2018-02-02 03:59:00,40.35986,-70.66176,"toi_niskin","10",2,24.153,24,-108.89,19.9851,19.6,0.4282,0.7893,1,"2018"
"41","EN608",2018-02-02 04:10:35,2018-02-02 03:59:00,40.35944,-70.66133,"toi_niskin","10",3,5.878,6,-104.58,20.0818,15.6,0.3973,0.7373,1,"2018"
"42","EN608",2018-02-02 04:41:00,2018-02-02 04:41:00,NA,NA,"toi_underway",NA,NA,0,0,-100.42,20.175,18.7,0.3891,0.7156,1,"2018"
"43","EN608",2018-02-02 05:00:00,2018-02-02 05:00:00,NA,NA,"toi_underway",NA,NA,0,0,-94.302,20.3123,13.2,0.3688,0.6867,1,"2018"
"44","EN608",2018-02-02 05:18:00,2018-02-02 05:18:00,NA,NA,"toi_underway",NA,NA,0,0,-91.396,20.3774,20.1,0.3465,0.6304,1,"2018"
"45","EN608",2018-02-02 05:40:00,2018-02-02 05:40:00,NA,NA,"toi_underway",NA,NA,0,0,-93.89,20.3215,15.3,0.3665,0.6783,1,"2018"
"46","EN608",2018-02-02 05:59:00,2018-02-02 05:59:00,NA,NA,"toi_underway",NA,NA,0,0,-94.868,20.2996,13,0.3813,0.7114,1,"2018"
"47","EN608",2018-02-02 06:16:00,2018-02-02 06:16:00,NA,NA,"toi_underway",NA,NA,0,0,-90.406,20.3996,18.6,0.3436,0.6278,1,"2018"
"48","EN608",2018-02-02 07:04:25,2018-02-02 06:58:00,40.36082,-71.10338,"toi_niskin","11",1,74.156,75,-117.37,19.7949,22.6,0.527,0.9744,1,"2018"
"49","EN608",2018-02-02 07:09:01,2018-02-02 06:58:00,40.36017,-71.1034,"toi_niskin","11",4,3.643,3,-93.566,20.3288,8.61,0.347,0.6536,1,"2018"
"50","EN608",2018-02-02 09:28:04,2018-02-02 09:10:00,40.35675,-70.88002,"toi_niskin","12",12,35.265,55,-95.007,20.2964,11.2,0.3672,0.6876,3,"2018"
"51","EN608",2018-02-02 09:32:54,2018-02-02 09:14:00,40.35612,-70.87999,"toi_niskin","12",19,4.806,5,-94.311,20.3121,22.6,0.3813,0.6929,1,"2018"
"52","EN608",2018-02-02 15:31:54,2018-02-02 15:15:00,40.21318,-70.89878,"toi_niskin","13b",14,66.668,65,-108.85,19.9859,13.5,0.5136,0.966,1,"2018"
"53","EN608",2018-02-02 15:34:39,2018-02-02 15:15:00,40.21262,-70.89945,"toi_niskin","13b",18,40.491,40,-97.532,20.2398,22.5,0.3698,0.6709,1,"2018"
"54","EN608",2018-02-02 15:39:42,2018-02-02 15:15:00,40.2123,-70.90126,"toi_niskin","13b",22,6.882,3,-96.481,20.2634,19.3,0.3525,0.6436,1,"2018"
"55","EN608",2018-02-02 19:11:30,2018-02-02 19:01:00,40.12286,-70.8018,"toi_niskin","15",4,90.02,90,-232.92,17.2036,27.6,1.277,2.415,1,"2018"
"56","EN608",2018-02-02 19:16:05,2018-02-02 19:01:00,40.12178,-70.80362,"toi_niskin","15",9,41.243,41.1,-100.72,20.1683,13.9,0.4288,0.8015,1,"2018"
"57","EN608",2018-02-02 19:21:14,2018-02-02 19:01:00,40.12064,-70.80546,"toi_niskin","15",16,14.492,14.4,-93.337,20.3339,15.8,0.3315,0.6098,1,"2018"
"58","EN608",2018-02-02 19:23:26,2018-02-02 19:01:00,40.12004,-70.8062,"toi_niskin","15",20,6.707,6.4,-92.055,20.3627,7.92,0.3066,0.5768,1,"2018"
"59","EN608",2018-02-02 19:23:26,2018-02-02 19:01:00,40.12004,-70.8062,"toi_niskin","15",20,6.707,6.4,-92.087,20.362,14.1,0.3119,0.5752,1,"2018"
"60","EN608",2018-02-02 19:26:00,2018-02-02 19:26:00,NA,NA,"toi_underway",NA,NA,0,0,-91.886,20.3664,19.4,0.32,0.5806,1,"2018"
"61","EN608",2018-02-02 19:28:00,2018-02-02 19:28:00,NA,NA,"toi_underway",NA,NA,0,0,-92.802,20.3459,13.7,0.3221,0.5957,1,"2018"
"62","EN608",2018-02-03 00:34:21,2018-02-03 00:25:00,40.09466,-70.66817,"toi_niskin","16",1,36.232,35.5,-135.51,19.388,19.1,0.6677,1.253,1,"2018"
"63","EN608",2018-02-03 00:37:41,2018-02-03 00:25:00,40.09432,-70.66957,"toi_niskin","16",3,5.689,5.4,-95.41,20.2874,22.4,0.3461,0.6253,1,"2018"
"64","EN608",2018-02-03 01:16:00,2018-02-03 01:16:00,NA,NA,"toi_underway",NA,NA,0,0,-96.508,20.2628,24.2,0.3865,0.6999,1,"2018"
"65","EN608",2018-02-03 01:42:00,2018-02-03 01:42:00,NA,NA,"toi_underway",NA,NA,0,0,-90.746,20.392,11.9,0.3348,0.6237,1,"2018"
"66","EN608",2018-02-03 02:13:00,2018-02-03 02:13:00,NA,NA,"toi_underway",NA,NA,0,0,-96.355,20.2662,21.4,0.3743,0.6817,1,"2018"
"67","EN608",2018-02-03 02:45:00,2018-02-03 02:45:00,NA,NA,"toi_underway",NA,NA,0,0,-92.688,20.3485,22.3,0.3482,0.6295,1,"2018"
"68","EN608",2018-02-03 03:12:00,2018-02-03 03:12:00,NA,NA,"toi_underway",NA,NA,0,0,-88.758,20.4366,18.1,0.3167,0.5767,1,"2018"
"69","EN608",2018-02-03 03:50:00,2018-02-03 03:50:00,NA,NA,"toi_underway",NA,NA,9,9,-86.215,20.4936,19.5,0.3118,0.5646,4,"2018"
"70","EN608",2018-02-03 04:24:00,2018-02-03 04:24:00,NA,NA,"toi_underway",NA,NA,0,0,-83.943,20.5446,13.4,0.3096,0.572,1,"2018"
"71","EN608",2018-02-03 07:56:00,2018-02-03 07:56:00,NA,NA,"toi_underway",NA,NA,0,0,-93.747,20.3247,10.6,0.3574,0.6698,1,"2018"
"72","EN608",2018-02-03 09:35:00,2018-02-03 09:35:00,NA,NA,"toi_underway",NA,NA,0,0,-94.627,20.305,12.5,0.3882,0.7257,1,"2018"
"73","EN608",2018-02-03 13:01:19,2018-02-03 12:39:00,39.7713,-70.67842,"toi_niskin","17",1,85.096,85,-172.43,18.5601,25.9,0.8362,1.566,1,"2018"
"74","EN608",2018-02-03 13:05:56,2018-02-03 12:39:00,39.7706,-70.67977,"toi_niskin","17",4,8.153,8.4,-134.6,19.4084,16.7,0.5883,1.104,1,"2018"
"75","EN608",2018-02-03 13:32:00,2018-02-03 13:32:00,NA,NA,"toi_underway",NA,NA,0,0,-123.1,19.6665,19.8,0.5318,0.989,1,"2018"
"76","EN608",2018-02-03 13:49:00,2018-02-03 13:49:00,NA,NA,"toi_underway",NA,NA,0,0,-99.988,20.1847,19.5,0.3767,0.69,1,"2018"
"77","EN608",2018-02-03 14:08:00,2018-02-03 14:08:00,NA,NA,"toi_underway",NA,NA,0,0,-98.973,20.2075,22.3,0.3829,0.6966,1,"2018"
"78","EN608",2018-02-03 14:24:00,2018-02-03 14:24:00,NA,NA,"toi_underway",NA,NA,0,0,-94.192,20.3147,18.8,0.3706,0.6796,1,"2018"
"79","EN608",2018-02-03 14:43:00,2018-02-03 14:43:00,NA,NA,"toi_underway",NA,NA,0,0,-91.497,20.3752,21.5,0.3555,0.6452,1,"2018"
"80","EN608",2018-02-03 14:58:00,2018-02-03 14:58:00,NA,NA,"toi_underway",NA,NA,0,0,-96.793,20.2564,10.9,0.3712,0.6959,1,"2018"
"81","EN608",2018-02-03 15:17:00,2018-02-03 15:17:00,NA,NA,"toi_underway",NA,NA,0,0,-126.72,19.5852,19.4,0.5705,1.065,1,"2018"
"82","EN608",2018-02-03 16:01:29,2018-02-03 15:42:00,39.76962,-71.10559,"toi_niskin","18",1,151.604,150,-166.59,18.6911,20.7,0.8065,1.518,1,"2018"
"83","EN608",2018-02-03 16:07:50,2018-02-03 15:42:00,39.76908,-71.10668,"toi_niskin","18",5,5.268,5,-131.47,19.4787,16.2,0.593,1.114,1,"2018"
"84","EN608",2018-02-03 17:14:00,2018-02-03 17:14:00,NA,NA,"toi_underway",NA,NA,0,0,-91.101,20.3841,19.7,0.3461,0.6305,1,"2018"
"85","EN608",2018-02-03 18:12:51,2018-02-03 17:45:00,39.76429,-70.889,"toi_niskin","19",10,64.93,65,-113.19,19.8888,18.5,0.5052,0.9402,1,"2018"
"86","EN608",2018-02-03 18:19:00,2018-02-03 18:19:00,NA,NA,"toi_underway",NA,NA,0,0,-92.154,20.3604,16.3,0.3334,0.6125,1,"2018"
"87","EN608",2018-02-03 18:20:18,2018-02-03 17:45:00,39.76318,-70.88984,"toi_niskin","19",19,3.737,5,-91.822,20.3679,12.8,0.3364,0.6251,1,"2018"
"88","EN608",2018-02-03 18:21:00,2018-02-03 18:21:00,NA,NA,"toi_underway",NA,NA,0,0,-92.657,20.3492,19.7,0.3493,0.6365,1,"2018"
"89","EN608",2018-02-03 21:13:00,2018-02-03 21:13:00,NA,NA,"toi_underway",NA,NA,0,0,-91.138,20.3832,22.2,0.2927,0.5224,1,"2018"
"90","EN608",2018-02-03 22:10:00,2018-02-03 22:10:00,NA,NA,"toi_underway",NA,NA,0,0,-88.695,20.438,16.9,0.2978,0.5426,1,"2018"
"91","EN608",2018-02-03 23:13:37,2018-02-03 22:38:00,39.92551,-70.88635,"toi_niskin","21",10,64.432,65,-105.65,20.0577,13.2,0.4555,0.8545,1,"2018"
"92","EN608",2018-02-03 23:20:58,2018-02-03 22:38:00,39.92384,-70.88616,"toi_niskin","21",21,5.341,5,-95.333,20.2891,15.3,0.3455,0.6377,1,"2018"
"93","EN608",2018-02-03 23:23:00,2018-02-03 23:23:00,NA,NA,"toi_underway",NA,NA,0,0,-95.515,20.2851,13,0.3457,0.6425,1,"2018"
"94","EN608",2018-02-04 01:22:00,2018-02-04 01:22:00,NA,NA,"toi_underway",NA,NA,0,0,-82.817,20.5698,22.3,0.2527,0.445,1,"2018"
"95","EN608",2018-02-04 03:35:30,2018-02-04 03:13:00,40.08137,-70.85075,"toi_niskin","22",11,59.467,60,-102.14,20.1365,15.6,0.444,0.8276,1,"2018"
"96","EN608",2018-02-04 03:45:02,2018-02-04 03:13:00,40.07984,-70.84764,"toi_niskin","22",21,7.224,3,-94.964,20.2974,19.4,0.3486,0.6359,1,"2018"
"97","EN608",2018-02-04 03:45:02,2018-02-04 03:13:00,40.07984,-70.84764,"toi_niskin","22",21,7.224,3,-95.373,20.2882,18.3,0.3528,0.6461,1,"2018"
"98","EN608",2018-02-04 03:47:00,2018-02-04 03:47:00,NA,NA,"toi_underway",NA,NA,0,0,-95.812,20.2784,9.73,0.3486,0.6545,1,"2018"
"99","EN608",2018-02-04 03:49:00,2018-02-04 03:49:00,NA,NA,"toi_underway",NA,NA,0,0,-95.346,20.2888,13.7,0.3417,0.6336,1,"2018"
"100","EN608",2018-02-04 07:38:00,2018-02-04 07:38:00,NA,NA,"toi_underway",NA,NA,0,0,-110.88,19.9405,12.7,0.4634,0.8707,1,"2018"
"101","EN608",2018-02-04 07:57:00,2018-02-04 07:57:00,NA,NA,"toi_underway",NA,NA,0,0,-96.684,20.2589,19.5,0.3836,0.7033,1,"2018"
"102","EN608",2018-02-04 08:47:00,2018-02-04 08:47:00,NA,NA,"toi_underway",NA,NA,0,0,-97.675,20.2366,19.7,0.3988,0.7323,1,"2018"
"103","EN608",2018-02-04 09:15:00,2018-02-04 09:15:00,NA,NA,"toi_underway",NA,NA,0,0,-96.858,20.2549,14.2,0.389,0.724,1,"2018"
"104","EN608",2018-02-04 09:31:00,2018-02-04 09:31:00,NA,NA,"toi_underway",NA,NA,0,0,-98.274,20.2232,10.9,0.3884,0.7291,1,"2018"
"105","EN608",2018-02-04 09:49:00,2018-02-04 09:49:00,NA,NA,"toi_underway",NA,NA,0,0,-91.142,20.3831,9.29,0.3205,0.601,1,"2018"
"106","EN608",2018-02-04 10:13:00,2018-02-04 10:13:00,NA,NA,"toi_underway",NA,NA,0,0,-87.518,20.4644,20,0.3045,0.5495,1,"2018"
"107","EN608",2018-02-04 10:30:00,2018-02-04 10:30:00,NA,NA,"toi_underway",NA,NA,0,0,-87.302,20.4692,18.1,0.311,0.5658,1,"2018"
"108","EN608",2018-02-04 11:05:00,2018-02-04 11:05:00,NA,NA,"toi_underway",NA,NA,0,0,-87.327,20.4687,18.6,0.3268,0.5952,1,"2018"
"109","EN608",2018-02-04 11:45:00,2018-02-04 11:45:00,NA,NA,"toi_underway",NA,NA,0,0,-86.795,20.4806,20.6,0.3212,0.5805,1,"2018"
"110","EN608",2018-02-04 12:11:00,2018-02-04 12:11:00,NA,NA,"toi_underway",NA,NA,0,0,-82.838,20.5694,13.2,0.3009,0.5556,1,"2018"
"111","EN608",2018-02-04 12:43:22,2018-02-04 12:37:00,40.69415,-70.88094,"toi_niskin","26",1,4.951,5,-80.85,20.614,18.9,0.2792,0.5027,1,"2018"
"112","EN608",2018-02-04 12:43:22,2018-02-04 12:37:00,40.69415,-70.88094,"toi_niskin","26",1,4.951,5,-81.04,20.6097,26.8,0.2868,0.5021,1,"2018"
"113","EN608",2018-02-04 12:44:00,2018-02-04 12:44:00,NA,NA,"toi_underway",NA,NA,0,0,-80.872,20.6135,14.9,0.2777,0.5076,1,"2018"
"114","EN608",2018-02-04 12:45:00,2018-02-04 12:45:00,NA,NA,"toi_underway",NA,NA,0,0,-80.868,20.6135,10.4,0.2657,0.4931,1,"2018"
"115","EN608",2018-02-04 14:17:00,2018-02-04 14:17:00,NA,NA,"toi_underway",NA,NA,0,0,-73.577,20.7771,27.7,0.2175,0.3667,1,"2018"
"116","EN608",2018-02-04 15:34:00,2018-02-04 15:34:00,NA,NA,"toi_underway",NA,NA,0,0,-64.591,20.9786,24.8,0.1216,0.1869,1,"2018"
"117","EN608",2018-02-04 18:19:00,2018-02-04 18:19:00,NA,NA,"toi_underway",NA,NA,0,0,-43.01,21.4626,30.5,-0.08266,-0.2184,1,"2018"
"118","EN608",2018-02-04 20:15:00,2018-02-04 20:15:00,NA,NA,"toi_underway",NA,NA,0,0,-51.522,21.2717,34.2,-0.0127,-0.09051,1,"2018"
"119","EN608",2018-02-04 21:27:00,2018-02-04 21:27:00,NA,NA,"toi_underway",NA,NA,0,0,-60.336,21.074,25.9,0.07987,0.1042,1,"2018"
"120","EN608",2018-02-05 00:12:19,2018-02-05 00:04:00,41.32218,-70.57412,"toi_niskin","30",13,4.027,4,-71.703,20.8191,16.8,0.2483,0.4472,1,"2018"
"121","EN617",2018-07-20 17:33:17,2018-07-20 17:23:00,41.20235,-70.88547,"toi_niskin","01",3,12.108,12.5,-89.593,20.4179,119,-0.1059,-0.4343,1,"2018"
"122","EN617",2018-07-20 17:38:29,2018-07-20 17:23:00,41.20318,-70.88549,"toi_niskin","01",10,1.891,2,-42.521,21.4736,80.5,-0.461,-1.045,1,"2018"
"123","EN617",2018-07-20 23:04:46,2018-07-20 22:57:00,41.03156,-70.87956,"toi_niskin","02",5,24.23,24,-153.34,18.9882,113,0.4373,0.6261,1,"2018"
"124","EN617",2018-07-20 23:09:38,2018-07-20 22:57:00,41.03202,-70.87892,"toi_niskin","02",14,9.873,10.5,78.584,24.1896,155,-0.9018,-2.039,1,"2018"
"125","EN617",2018-07-20 23:12:54,2018-07-20 22:57:00,41.03236,-70.87854,"toi_niskin","02",18,2.95,2,-32.857,21.6903,76.7,-0.1282,-0.3954,1,"2018"
"126","EN617",2018-07-20 23:12:54,2018-07-20 22:57:00,41.03236,-70.87854,"toi_niskin","02",18,2.95,2,-32.839,21.6907,68.2,-0.1394,-0.4008,1,"2018"
"127","EN617",2018-07-20 23:14:00,2018-07-20 23:14:00,NA,NA,"toi_underway",NA,NA,0,0,-46.784,21.378,74.8,0.002503,-0.1395,1,"2018"
"128","EN617",2018-07-20 23:15:00,2018-07-20 23:15:00,NA,NA,"toi_underway",NA,NA,0,0,-46.243,21.3901,71.8,0.003684,-0.1315,1,"2018"
"129","EN617",2018-07-21 00:32:00,2018-07-21 00:32:00,NA,NA,"toi_underway",NA,NA,0,0,-54.296,21.2095,54.6,0.106,0.09929,1,"2018"
"130","EN617",2018-07-21 00:48:00,2018-07-21 00:48:00,NA,NA,"toi_underway",NA,NA,0,0,-50.312,21.2988,60,0.1125,0.1014,1,"2018"
"131","EN617",2018-07-21 01:21:47,2018-07-21 01:15:00,41.0292,-70.76874,"toi_niskin","03",1,16.349,16,-57.625,21.1348,136,-0.489,-1.206,1,"2018"
"132","EN617",2018-07-21 01:25:33,2018-07-21 01:15:00,41.02875,-70.76822,"toi_niskin","03",3,3.313,3,-42.159,21.4817,68.1,-0.03422,-0.1976,1,"2018"
"133","EN617",2018-07-21 02:04:00,2018-07-21 02:04:00,NA,NA,"toi_underway",NA,NA,0,0,-51.317,21.2763,69.7,0.07854,0.01709,1,"2018"
"134","EN617",2018-07-21 02:15:00,2018-07-21 02:15:00,NA,NA,"toi_underway",NA,NA,0,0,-49.101,21.326,85.2,0.04534,-0.07683,1,"2018"
"135","EN617",2018-07-21 02:30:00,2018-07-21 02:30:00,NA,NA,"toi_underway",NA,NA,0,0,-47.671,21.3581,72.8,0.03691,-0.06923,1,"2018"
"136","EN617",2018-07-21 03:03:57,2018-07-21 02:58:00,41.02947,-70.98997,"toi_niskin","04",1,12.398,12,-123.51,19.6572,112,0.1303,0.03467,1,"2018"
"137","EN617",2018-07-21 03:06:56,2018-07-21 02:58:00,41.02907,-70.98952,"toi_niskin","04",12,3.764,3,-39.712,21.5366,70,-0.02173,-0.177,1,"2018"
"138","EN617",2018-07-21 03:39:00,2018-07-21 03:39:00,NA,NA,"toi_underway",NA,NA,0,0,-45.233,21.4127,76.6,-0.006199,-0.1597,1,"2018"
"139","EN617",2018-07-21 04:03:00,2018-07-21 04:03:00,NA,NA,"toi_underway",NA,NA,0,0,-46.114,21.393,78.8,-0.02969,-0.2094,1,"2018"
"140","EN617",2018-07-21 06:50:55,2018-07-21 06:39:00,40.86436,-70.8855,"toi_niskin","05",3,29.851,30,-188.89,18.191,102,1.032,1.798,1,"2018"
"141","EN617",2018-07-21 06:57:02,2018-07-21 06:39:00,40.86468,-70.88694,"toi_niskin","05",8,14.399,14,45.73,23.4528,148,-0.6273,-1.495,1,"2018"
"142","EN617",2018-07-21 07:03:02,2018-07-21 06:39:00,40.86498,-70.88832,"toi_niskin","05",14,1.624,2,-46.786,21.3779,46.5,0.07525,0.05559,1,"2018"
"143","EN617",2018-07-21 10:23:00,2018-07-21 10:23:00,NA,NA,"toi_underway",NA,NA,0,0,-54.458,21.2059,59.2,0.2018,0.2755,1,"2018"
"144","EN617",2018-07-21 11:11:37,2018-07-21 11:04:00,40.70184,-70.7724,"toi_niskin","06",1,20.048,20,-6.2247,22.2876,160,-0.4189,-1.117,1,"2018"
"145","EN617",2018-07-21 11:15:18,2018-07-21 11:04:00,40.70234,-70.77222,"toi_niskin","06",4,2.112,2,-50.665,21.2909,68.1,0.1779,0.212,1,"2018"
"146","EN617",2018-07-21 11:43:00,2018-07-21 11:43:00,NA,NA,"toi_underway",NA,NA,0,0,-56.755,21.1543,61.7,0.2311,0.3272,1,"2018"
"147","EN617",2018-07-21 11:58:00,2018-07-21 11:58:00,NA,NA,"toi_underway",NA,NA,0,0,-59.374,21.0956,70.3,0.2426,0.3328,1,"2018"
"148","EN617",2018-07-21 12:14:00,2018-07-21 12:14:00,NA,NA,"toi_underway",NA,NA,0,0,-53.441,21.2287,66.7,0.1729,0.2052,1,"2018"
"149","EN617",2018-07-21 12:44:37,2018-07-21 12:37:00,40.69894,-70.99246,"toi_niskin","07",1,20.386,20,-12.248,22.1525,134,-0.456,-1.139,1,"2018"
"150","EN617",2018-07-21 12:48:44,2018-07-21 12:37:00,40.69996,-70.99186,"toi_niskin","07",3,1.974,2,-46.002,21.3955,71.2,0.1182,0.09075,1,"2018"
"151","EN617",2018-07-21 13:32:00,2018-07-21 13:32:00,NA,NA,"toi_underway",NA,NA,0,0,-49.16,21.3247,63.5,0.1336,0.1354,1,"2018"
"152","EN617",2018-07-21 14:57:09,2018-07-21 14:51:00,40.69956,-70.87992,"toi_niskin","08",1,59.428,60,-251.26,16.7921,86.5,1.789,3.294,1,"2018"
"153","EN617",2018-07-21 15:01:47,2018-07-21 14:51:00,40.70024,-70.8792,"toi_niskin","08",3,44.419,45,-107.27,20.0215,59.9,0.6457,1.132,1,"2018"
"154","EN617",2018-07-21 15:04:36,2018-07-21 14:51:00,40.70063,-70.87856,"toi_niskin","08",6,24.629,34,-140.74,19.2708,114,0.5588,0.8601,3,"2018"
"155","EN617",2018-07-21 15:10:25,2018-07-21 14:51:00,40.70142,-70.87727,"toi_niskin","08",12,12.414,12,34.273,23.1959,139,-0.4183,-1.076,1,"2018"
"156","EN617",2018-07-21 15:12:54,2018-07-21 14:51:00,40.70185,-70.87676,"toi_niskin","08",15,2.292,2,-43.907,21.4425,73,0.1055,0.06276,1,"2018"
"157","EN617",2018-07-21 15:12:54,2018-07-21 14:51:00,40.70185,-70.87676,"toi_niskin","08",15,2.292,2,-44.089,21.4384,70.6,0.1008,0.05838,1,"2018"
"158","EN617",2018-07-21 15:13:00,2018-07-21 15:13:00,NA,NA,"toi_underway",NA,NA,0,0,-47.364,21.365,67.4,0.1234,0.1083,1,"2018"
"159","EN617",2018-07-21 15:15:00,2018-07-21 15:15:00,NA,NA,"toi_underway",NA,NA,0,0,-47.218,21.3682,79.3,0.1432,0.1235,1,"2018"
"160","EN617",2018-07-21 17:33:35,2018-07-21 17:23:00,40.5197,-70.88118,"toi_niskin","09",6,35.266,35,-90.535,20.3968,102,0.3056,0.5844,1,"2018"
"161","EN617",2018-07-21 17:35:52,2018-07-21 17:23:00,40.52033,-70.8812,"toi_niskin","09",8,19.902,20,29.286,23.084,138,-0.45,-1.134,1,"2018"
"162","EN617",2018-07-21 17:39:47,2018-07-21 17:23:00,40.52146,-70.88128,"toi_niskin","09",12,4.202,2,-5.5635,22.3024,74.3,-0.21,-0.5486,1,"2018"
"163","EN617",2018-07-21 20:03:00,2018-07-21 20:03:00,NA,NA,"toi_underway",NA,NA,0,0,-45.33,21.4106,53.1,0.08157,0.05496,1,"2018"
"164","EN617",2018-07-21 21:46:29,2018-07-21 21:39:00,40.36578,-70.77014,"toi_niskin","10",1,46.627,46,-224.06,17.4021,73.4,1.562,2.879,1,"2018"
"165","EN617",2018-07-21 21:48:43,2018-07-21 21:39:00,40.36614,-70.76962,"toi_niskin","10",3,17,17,22.795,22.9384,112,-0.4288,-1.043,1,"2018"
"166","EN617",2018-07-21 21:50:12,2018-07-21 21:39:00,40.36651,-70.7689,"toi_niskin","10",5,7.901,3,-54.811,21.1979,45.3,0.1491,0.2005,1,"2018"
"167","EN617",2018-07-21 22:26:00,2018-07-21 22:26:00,NA,NA,"toi_underway",NA,NA,0,0,-56.476,21.1606,59.6,0.1884,0.2488,1,"2018"
"168","EN617",2018-07-21 22:36:00,2018-07-21 22:36:00,NA,NA,"toi_underway",NA,NA,0,0,-53.505,21.2272,65.3,0.1643,0.191,1,"2018"
"169","EN617",2018-07-21 22:51:00,2018-07-21 22:51:00,NA,NA,"toi_underway",NA,NA,0,0,-49.022,21.3278,49.9,0.1303,0.1552,1,"2018"
"170","EN617",2018-07-21 23:24:05,2018-07-21 23:17:00,40.36632,-70.9887,"toi_niskin","11",1,31.73,32,-210.39,17.7088,79.6,1.434,2.619,1,"2018"
"171","EN617",2018-07-21 23:26:05,2018-07-21 23:17:00,40.3667,-70.9886,"toi_niskin","11",3,17.44,17,26.267,23.0163,132,-0.4801,-1.181,1,"2018"
"172","EN617",2018-07-21 23:27:53,2018-07-21 23:17:00,40.36684,-70.9889,"toi_niskin","11",5,5.368,3,-33.526,21.6753,62.5,0.01086,-0.09967,1,"2018"
"173","EN617",2018-07-22 00:44:00,2018-07-22 00:44:00,NA,NA,"toi_underway",NA,NA,0,0,-43.482,21.452,57.3,0.09694,0.07651,1,"2018"
"174","EN617",2018-07-22 02:20:14,2018-07-22 02:08:00,40.36838,-70.88932,"toi_niskin","12",8,40.272,50,-216.06,17.5816,94.7,1.505,2.728,3,"2018"
"175","EN617",2018-07-22 02:25:56,2018-07-22 02:08:00,40.36938,-70.88922,"toi_niskin","12",17,14.538,28,48.441,23.5136,135,-0.5049,-1.235,3,"2018"
"176","EN617",2018-07-22 02:28:00,2018-07-22 02:08:00,40.36968,-70.88926,"toi_niskin","12",21,4.776,3,-45.953,21.3966,59.2,0.1155,0.1087,1,"2018"
"177","EN617",2018-07-22 05:15:19,2018-07-22 05:00:00,40.23852,-70.89093,"toi_niskin","13",7,55.346,3,-41.281,21.5014,62.6,0.06834,0.01111,3,"2018"
"178","EN617",2018-07-22 05:16:58,2018-07-22 05:00:00,40.23896,-70.89054,"toi_niskin","13",9,38.289,38,-185.54,18.266,67.5,1.17,2.131,1,"2018"
"179","EN617",2018-07-22 05:20:34,2018-07-22 05:00:00,40.23997,-70.88964,"toi_niskin","13",14,21.61,21,23.355,22.951,122,-0.4011,-1.01,1,"2018"
"180","EN617",2018-07-22 09:06:18,2018-07-22 08:58:00,40.14082,-70.75892,"toi_niskin","14",2,128.995,0,-283.18,16.0762,37.3,1.889,3.581,4,"2018"
"181","EN617",2018-07-22 09:12:19,2018-07-22 08:58:00,40.14204,-70.75856,"toi_niskin","14",6,80.403,80,-233.42,17.1922,63.6,1.638,3.045,1,"2018"
"182","EN617",2018-07-22 09:15:10,2018-07-22 08:58:00,40.14254,-70.75846,"toi_niskin","14",8,61.09,61,-209.07,17.7383,74.4,1.452,2.663,1,"2018"
"183","EN617",2018-07-22 09:18:09,2018-07-22 08:58:00,40.14338,-70.7591,"toi_niskin","14",11,39.035,39,-126.01,19.6011,106,0.7429,1.231,1,"2018"
"184","EN617",2018-07-22 09:23:17,2018-07-22 08:58:00,40.14481,-70.75986,"toi_niskin","14",16,17.729,18.5,2.6523,22.4867,100,-0.2614,-0.6976,1,"2018"
"185","EN617",2018-07-22 09:26:23,2018-07-22 08:58:00,40.14536,-70.7594,"toi_niskin","14",18,6.875,7,-50.414,21.2966,48,0.09332,0.08755,1,"2018"
"186","EN617",2018-07-22 09:26:23,2018-07-22 08:58:00,40.14536,-70.7594,"toi_niskin","14",18,6.875,7,-50.483,21.295,48,0.09733,0.09533,1,"2018"
"187","EN617",2018-07-22 09:27:00,2018-07-22 09:27:00,NA,NA,"toi_underway",NA,NA,0,0,-53.283,21.2322,44.6,0.1255,0.1563,1,"2018"
"188","EN617",2018-07-22 09:28:00,2018-07-22 09:28:00,NA,NA,"toi_underway",NA,NA,0,0,-53.698,21.2229,47.6,0.1265,0.1524,1,"2018"
"189","EN617",2018-07-22 12:49:00,2018-07-22 12:49:00,NA,NA,"toi_underway",NA,NA,0,0,-63.466,21.0038,47.2,0.217,0.3279,1,"2018"
"190","EN617",2018-07-22 13:47:44,2018-07-22 13:38:00,40.0915,-70.77935,"toi_niskin","15",1,37.248,36,-12.989,22.1359,137,-0.1684,-0.5893,1,"2018"
"191","EN617",2018-07-22 13:51:29,2018-07-22 13:38:00,40.09012,-70.77852,"toi_niskin","15",3,2.884,3,-44.783,21.4228,46.5,0.07323,0.05159,1,"2018"
"192","EN617",2018-07-22 14:32:00,2018-07-22 14:32:00,NA,NA,"toi_underway",NA,NA,0,0,-43.65,21.4482,54.8,0.09102,0.07001,1,"2018"
"193","EN617",2018-07-22 14:58:00,2018-07-22 14:58:00,NA,NA,"toi_underway",NA,NA,0,0,-41.408,21.4985,58.9,0.08737,0.05495,1,"2018"
"194","EN617",2018-07-22 15:13:00,2018-07-22 15:13:00,NA,NA,"toi_underway",NA,NA,0,0,-42.729,21.4689,55.4,0.09958,0.08539,1,"2018"
"195","EN617",2018-07-22 15:57:57,2018-07-22 15:46:00,40.09409,-70.99144,"toi_niskin","16",1,32.956,33,-146.92,19.1321,98.4,0.9028,1.554,1,"2018"
"196","EN617",2018-07-22 17:00:00,2018-07-22 17:00:00,NA,NA,"toi_underway",NA,NA,0,0,-49.855,21.3091,40.3,0.1288,0.171,1,"2018"
"197","EN617",2018-07-22 18:33:40,2018-07-22 18:17:00,40.0969,-70.87188,"toi_niskin","17",8,42.104,42,-164.44,18.7393,92.7,1.096,1.939,1,"2018"
"198","EN617",2018-07-22 18:36:21,2018-07-22 18:17:00,40.09658,-70.87122,"toi_niskin","17",14,21.325,21,44.311,23.421,133,-0.4937,-1.21,1,"2018"
"199","EN617",2018-07-22 18:38:24,2018-07-22 18:17:00,40.09628,-70.87082,"toi_niskin","17",18,6.385,3,-31.351,21.7241,59.9,-0.007699,-0.1304,1,"2018"
"200","EN617",2018-07-22 22:01:22,2018-07-22 21:46:00,39.9493,-70.88157,"toi_niskin","18",7,54.988,55,-209.73,17.7236,76,1.527,2.806,1,"2018"
"201","EN617",2018-07-22 22:08:32,2018-07-22 21:46:00,39.94903,-70.88009,"toi_niskin","18",15,4.741,3,-66.582,20.9339,39.5,0.1988,0.3076,1,"2018"
"202","EN617",2018-07-23 07:10:00,2018-07-23 07:10:00,NA,NA,"toi_underway",NA,NA,0,0,-67.593,20.9113,31.4,0.2361,0.3953,1,"2018"
"203","EN617",2018-07-23 08:32:15,2018-07-23 08:08:00,39.7729,-70.75858,"toi_niskin","19",1,40.507,39,-12.757,22.1411,156,-0.2594,-0.8023,1,"2018"
"204","EN617",2018-07-23 08:35:27,2018-07-23 08:08:00,39.77277,-70.75705,"toi_niskin","19",3,4.666,5,-66.346,20.9392,30.5,0.2225,0.3707,1,"2018"
"205","EN617",2018-07-23 09:15:00,2018-07-23 09:15:00,NA,NA,"toi_underway",NA,NA,0,0,-67.47,20.914,28.3,0.2384,0.4058,1,"2018"
"206","EN617",2018-07-23 09:39:00,2018-07-23 09:39:00,NA,NA,"toi_underway",NA,NA,0,0,-60.534,21.0696,47.8,0.2093,0.312,1,"2018"
"207","EN617",2018-07-23 09:58:00,2018-07-23 09:58:00,NA,NA,"toi_underway",NA,NA,0,0,-56.824,21.1528,42.1,0.1836,0.2734,1,"2018"
"208","EN617",2018-07-23 10:44:43,2018-07-23 10:21:00,39.7701,-70.98067,"toi_niskin","20",1,44.118,44,7.7451,22.6009,157,-0.5443,-1.353,1,"2018"
"209","EN617",2018-07-23 10:48:54,2018-07-23 10:21:00,39.7698,-70.97938,"toi_niskin","20",3,5.403,6,-55.095,21.1916,33.1,0.1509,0.2274,1,"2018"
"210","EN617",2018-07-23 11:45:00,2018-07-23 11:45:00,NA,NA,"toi_underway",NA,NA,0,0,-60.303,21.0748,49.1,0.213,0.3164,1,"2018"
"211","EN617",2018-07-23 13:55:32,2018-07-23 12:59:00,39.76506,-70.86052,"toi_niskin","21",9,40.476,40,-208.14,17.7592,83,1.265,2.285,1,"2018"
"212","EN617",2018-07-23 13:57:45,2018-07-23 12:59:00,39.76476,-70.85978,"toi_niskin","21",10,30.159,30,30.819,23.1184,169,-0.5393,-1.366,1,"2018"
"213","EN617",2018-07-23 14:04:00,2018-07-23 14:04:00,NA,NA,"toi_underway",NA,NA,0,0,-57.843,21.1299,41.7,0.1852,0.2772,1,"2018"
"214","EN617",2018-07-23 14:04:05,2018-07-23 12:59:00,39.76378,-70.85765,"toi_niskin","21",19,4.622,5,-55.557,21.1812,41,0.1474,0.2055,3,"2018"
"215","EN617",2018-07-23 14:04:05,2018-07-23 12:59:00,39.76378,-70.85765,"toi_niskin","21",19,4.622,5,-55.361,21.1856,44.5,0.1522,0.2081,3,"2018"
"216","EN617",2018-07-23 14:06:00,2018-07-23 14:06:00,NA,NA,"toi_underway",NA,NA,0,0,-58.259,21.1206,43.2,0.1831,0.2702,1,"2018"
"217","EN617",2018-07-23 17:30:00,2018-07-23 17:30:00,NA,NA,"toi_underway",NA,NA,0,0,-69.319,20.8726,42.2,0.2498,0.4011,1,"2018"
"218","EN617",2018-07-23 19:20:00,2018-07-23 19:20:00,NA,NA,"toi_underway",NA,NA,0,0,-65.493,20.9584,34,0.1986,0.3179,1,"2018"
"219","EN617",2018-07-23 20:59:00,2018-07-23 20:59:00,NA,NA,"toi_underway",NA,NA,0,0,-49.879,21.3085,49.5,0.1417,0.1779,1,"2018"
"220","EN617",2018-07-23 22:17:00,2018-07-23 22:17:00,NA,NA,"toi_underway",NA,NA,0,0,-36.514,21.6083,61.6,0.05656,-0.009669,1,"2018"
"221","EN617",2018-07-24 00:18:00,2018-07-24 00:18:00,NA,NA,"toi_underway",NA,NA,0,0,-42.486,21.4744,56.7,0.07179,0.02919,1,"2018"
"222","EN617",2018-07-24 01:28:00,2018-07-24 01:28:00,NA,NA,"toi_underway",NA,NA,0,0,-15.312,22.0838,71.6,-0.03295,-0.2018,1,"2018"
"223","EN617",2018-07-24 03:39:00,2018-07-24 03:39:00,NA,NA,"toi_underway",NA,NA,0,0,-60.191,21.0773,49.4,0.211,0.3121,1,"2018"
"224","EN617",2018-07-24 04:33:00,2018-07-24 04:33:00,NA,NA,"toi_underway",NA,NA,0,0,-63.498,21.0031,33.2,0.2074,0.3365,1,"2018"
"225","EN617",2018-07-24 05:21:00,2018-07-24 05:21:00,NA,NA,"toi_underway",NA,NA,0,0,-57.378,21.1404,42.9,0.1976,0.2988,1,"2018"
"226","EN617",2018-07-24 07:30:00,2018-07-24 07:30:00,NA,NA,"toi_underway",NA,NA,0,0,-71.747,20.8181,38,0.2846,0.4764,1,"2018"
"227","EN617",2018-07-24 11:39:00,2018-07-24 11:39:00,NA,NA,"toi_underway",NA,NA,0,0,-50.439,21.296,62.3,0.1578,0.1844,1,"2018"
"228","EN617",2018-07-24 13:05:00,2018-07-24 13:05:00,NA,NA,"toi_underway",NA,NA,0,0,-50.443,21.2959,48.5,0.1348,0.1665,1,"2018"
"229","EN617",2018-07-24 14:04:00,2018-07-24 14:04:00,NA,NA,"toi_underway",NA,NA,0,0,-66.14,20.9439,46,0.2703,0.4333,1,"2018"
"230","EN617",2018-07-24 16:50:00,2018-07-24 16:50:00,NA,NA,"toi_underway",NA,NA,0,0,-54.321,21.2089,55.9,0.2123,0.3021,1,"2018"
"231","EN617",2018-07-24 18:26:00,2018-07-24 18:26:00,NA,NA,"toi_underway",NA,NA,0,0,-37.489,21.5864,66.5,0.1225,0.1082,1,"2018"
"232","EN617",2018-07-24 19:52:00,2018-07-24 19:52:00,NA,NA,"toi_underway",NA,NA,0,0,-52.144,21.2578,48.5,0.1756,0.2455,1,"2018"
"233","EN617",2018-07-24 21:08:00,2018-07-24 21:08:00,NA,NA,"toi_underway",NA,NA,0,0,-51.971,21.2616,55.3,0.1262,0.1369,1,"2018"
"234","EN617",2018-07-24 23:06:00,2018-07-24 23:06:00,NA,NA,"toi_underway",NA,NA,0,0,-47.512,21.3616,87.1,-0.43,-0.9981,1,"2018"
"235","EN617",2018-07-25 01:19:12,2018-07-25 01:16:00,41.32418,-70.58549,"toi_niskin","35",1,13.875,14,-67.332,20.9171,76.8,-0.2408,-0.613,1,"2018"
"236","EN617",2018-07-25 01:22:41,2018-07-25 01:16:00,41.32462,-70.5852,"toi_niskin","35",7,4.181,5,-63.521,21.0026,71.7,-0.2724,-0.6642,1,"2018"
"237","EN617",2018-07-25 01:22:41,2018-07-25 01:16:00,41.32462,-70.5852,"toi_niskin","35",7,4.181,5,-62.669,21.0217,72.6,-0.2804,-0.6812,1,"2018"
"238","EN617",2018-07-25 01:23:00,2018-07-25 01:23:00,NA,NA,"toi_underway",NA,NA,0,0,-65.803,20.9514,74.6,-0.2476,-0.6218,1,"2018"
"239","AR31A",2018-10-21 10:28:00,2018-10-21 10:28:00,NA,NA,"toi_underway",NA,NA,0,0,-108.21,20.0004,38.8,0.1273,0.1708,1,"2018"
"240","AR31A",2018-10-21 14:26:00,2018-10-21 14:26:00,NA,NA,"toi_underway",NA,NA,0,0,-108.93,19.9842,37.1,0.1407,0.2002,1,"2018"
"241","AR31A",2018-10-21 16:48:00,2018-10-21 16:48:00,NA,NA,"toi_underway",NA,NA,0,0,-118.02,19.7802,31.1,0.4203,0.7518,1,"2018"
"242","AR31A",2018-10-21 17:56:14,2018-10-21 17:56:00,41.1965,-70.8831666666667,"toi_niskin","006",4,3.436,3.436,-111.46,19.9274,33.8,0.1544,0.233,1,"2018"
"243","AR31A",2018-10-21 19:12:00,2018-10-21 19:12:00,NA,NA,"toi_underway",NA,NA,0,0,-117.93,19.7823,23.7,0.4131,0.7523,1,"2018"
"244","AR31A",2018-10-21 21:36:00,2018-10-21 21:36:00,NA,NA,"toi_underway",NA,NA,0,0,-140.61,19.2737,34.5,0.2741,0.4626,1,"2018"
"245","AR31A",2018-10-22 12:00:00,2018-10-22 12:00:00,NA,NA,"toi_underway",NA,NA,0,0,-120.33,19.7286,35.8,0.5068,0.9099,1,"2018"
"246","AR31A",2018-10-22 12:00:00,2018-10-22 12:00:00,NA,NA,"toi_underway",NA,NA,0,0,-108.57,19.9924,39.4,0.3756,0.6494,1,"2018"
"247","AR31A",2018-10-22 12:00:00,2018-10-22 12:00:00,NA,NA,"toi_underway",NA,NA,0,0,-110.1,19.9581,32.8,0.3816,0.6737,1,"2018"
"248","AR31A",2018-10-22 14:24:00,2018-10-22 14:24:00,NA,NA,"toi_underway",NA,NA,0,0,-109.78,19.9652,35.8,0.3725,0.6505,1,"2018"
"249","AR31A",2018-10-22 14:24:00,2018-10-22 14:24:00,NA,NA,"toi_underway",NA,NA,0,0,-108.01,20.0048,33,0.3535,0.6191,1,"2018"
"250","AR31A",2018-10-23 06:27:00,2018-10-23 06:27:00,NA,NA,"toi_underway",NA,NA,0,0,-101.89,20.142,34.3,0.2851,0.4844,1,"2018"
"251","AR31A",2018-10-23 06:27:00,2018-10-23 06:27:00,NA,NA,"toi_underway",NA,NA,0,0,-103.83,20.0986,35.1,0.2945,0.501,1,"2018"
"252","AR31A",2018-10-23 07:25:00,2018-10-23 07:25:00,NA,NA,"toi_underway",NA,NA,0,0,-105.65,20.0578,31.1,0.3175,0.5531,1,"2018"
"253","AR31A",2018-10-23 08:23:00,2018-10-23 08:23:00,NA,NA,"toi_underway",NA,NA,0,0,-94.921,20.2984,34,0.143,0.2106,1,"2018"
"254","AR31A",2018-10-23 08:25:00,2018-10-23 08:25:00,NA,NA,"toi_underway",NA,NA,0,0,-98.787,20.2117,29.7,0.1827,0.2956,1,"2018"
"255","AR31A",2018-10-23 09:23:00,2018-10-23 09:23:00,NA,NA,"toi_underway",NA,NA,0,0,-96.094,20.2721,41.8,-0.04149,-0.1608,1,"2018"
"256","AR31A",2018-10-23 09:25:00,2018-10-23 09:25:00,NA,NA,"toi_underway",NA,NA,0,0,-95.188,20.2924,35.8,-0.06155,-0.188,1,"2018"
"257","AR31A",2018-10-23 10:22:00,2018-10-23 10:22:00,NA,NA,"toi_underway",NA,NA,0,0,-144.65,19.183,41.6,0.3286,0.5543,1,"2018"
"258","AR31A",2018-10-23 10:24:00,2018-10-23 10:24:00,NA,NA,"toi_underway",NA,NA,0,0,-146.72,19.1367,37.4,0.333,0.5709,1,"2018"
"259","AR31A",2018-10-23 12:00:00,2018-10-23 12:00:00,NA,NA,"toi_underway",NA,NA,0,0,-115.78,19.8306,38.3,0.4577,0.8102,1,"2018"
