"cruise","datetime_utc","datetime_utc_matlab","latitude_API","longitude_API","toi_source","cast","niskin","depth","depth_matlab","O2_Ar_delta","O2_Ar_ratio","cap_Delta_17O","d17O","d18O"
"EN608",2018-01-31 19:37:20,2018-01-31 19:23:00,41.19636,-70.8783,"toi_niskin",1,6,11.852,12,-62.76,21.0197,26.3,0.1292,0.1987
"EN608",2018-01-31 19:45:36,2018-01-31 19:23:00,41.19644,-70.8777,"toi_niskin",1,18,2.772,2,-62.498,21.0255,23.3,0.123,0.1926
"EN608",2018-02-01 00:35:19,2018-02-01 00:29:00,41.0286,-70.65053,"toi_niskin",2,1,9.713,10,-94.741,20.3024,7.61,0.4008,0.7595
"EN608",2018-02-01 00:37:55,2018-02-01 00:29:00,41.02868,-70.64938,"toi_niskin",2,3,4.066,5,-96.332,20.2667,12.7,0.4319,0.8097
"EN608",2018-02-01 01:06:00,2018-02-01 01:06:00,41.0307,-70.6962,"toi_underway",NA,NA,5,0,-91.149,20.383,18.2,0.3731,0.6854
"EN608",2018-02-01 01:25:00,2018-02-01 01:25:00,41.0237,-70.7586,"toi_underway",NA,NA,5,0,-85.758,20.5039,20.1,0.33,0.5984
"EN608",2018-02-01 02:04:00,2018-02-01 02:04:00,41.021,-70.8869,"toi_underway",NA,NA,5,0,-80.307,20.6261,17.5,0.2703,0.4883
"EN608",2018-02-01 02:43:00,2018-02-01 02:43:00,41.027,-71.0112,"toi_underway",NA,NA,5,0,-76.051,20.7216,22.9,0.226,0.3922
"EN608",2018-02-01 02:59:00,2018-02-01 02:59:00,41.0315,-71.0596,"toi_underway",NA,NA,5,0,-71.394,20.826,20.7,0.1906,0.3282
"EN608",2018-02-01 03:38:00,2018-02-01 03:32:00,41.02574,-71.09488,"toi_niskin",3,1,9.859,10,-65.42,20.96,17.6,0.1507,0.257
"EN608",2018-02-01 03:39:58,2018-02-01 03:32:00,41.02532,-71.09385,"toi_niskin",3,3,6.749,6,-66.748,20.9302,20.1,0.1576,0.2656
"EN608",2018-02-01 05:49:51,2018-02-01 05:40:00,41.01935,-70.87092,"toi_niskin",4,10,15.215,15,-75.937,20.7241,21.3,0.2208,0.3853
"EN608",2018-02-01 05:51:00,2018-02-01 05:51:00,41.019,-70.8708,"toi_underway",NA,NA,5,0,-77.951,20.679,22.3,0.2326,0.4061
"EN608",2018-02-01 05:52:14,2018-02-01 05:40:00,41.0187,-70.87068,"toi_niskin",4,11,3.979,3,-76.433,20.713,24.7,0.2302,0.3969
"EN608",2018-02-01 05:52:14,2018-02-01 05:40:00,41.0187,-70.87068,"toi_niskin",4,11,3.979,3,-75.479,20.7344,19.2,0.21,0.3686
"EN608",2018-02-01 05:53:00,2018-02-01 05:53:00,41.0184,-70.8706,"toi_underway",NA,NA,5,0,-77.933,20.6794,18.1,0.2391,0.4267
"EN608",2018-02-01 09:29:33,2018-02-01 09:18:00,40.85678,-70.88425,"toi_niskin",5,10,14.979,15,-85.147,20.5176,20.5,0.3044,0.5484
"EN608",2018-02-01 09:33:01,2018-02-01 09:18:00,40.85601,-70.88438,"toi_niskin",5,15,2.993,5,-84.411,20.5341,23.4,0.3062,0.5463
"EN608",2018-02-01 13:54:08,2018-02-01 13:48:00,40.69095,-70.65586,"toi_niskin",6,1,10.553,10,-80.59,20.6198,18,0.269,0.4847
"EN608",2018-02-01 13:56:43,2018-02-01 13:48:00,40.68994,-70.65543,"toi_niskin",6,3,4.913,5,-80.702,20.6173,19.1,0.28,0.5039
"EN608",2018-02-01 14:38:00,2018-02-01 14:38:00,40.6887,-70.6994,"toi_underway",NA,NA,5,0,-80.773,20.6157,19.9,0.2791,0.5007
"EN608",2018-02-01 15:04:00,2018-02-01 15:04:00,40.6909,-70.7639,"toi_underway",NA,NA,5,0,-79.03,20.6548,17.8,0.2635,0.4745
"EN608",2018-02-01 15:27:00,2018-02-01 15:27:00,40.692,-70.8228,"toi_underway",NA,NA,5,0,-78.068,20.6764,24.7,0.2476,0.4305
"EN608",2018-02-01 15:45:00,2018-02-01 15:45:00,40.6927,-70.8696,"toi_underway",NA,NA,5,0,-81.284,20.6042,27.2,0.2761,0.4808
"EN608",2018-02-01 16:14:00,2018-02-01 16:14:00,40.6944,-70.9446,"toi_underway",NA,NA,5,0,-79.65,20.6409,18.1,0.2433,0.4348
"EN608",2018-02-01 16:35:00,2018-02-01 16:35:00,40.6943,-70.9989,"toi_underway",NA,NA,5,0,-81.657,20.5959,23.6,0.2586,0.4537
"EN608",2018-02-01 17:00:00,2018-02-01 17:00:00,40.6964,-71.0636,"toi_underway",NA,NA,5,0,-75.18,20.7411,20.4,0.2197,0.3849
"EN608",2018-02-01 17:31:00,2018-02-01 17:31:00,40.6919,-71.0979,"toi_underway",NA,NA,4.5,4.5,-77.548,20.688,17,0.2337,0.4186
"EN608",2018-02-01 18:12:00,2018-02-01 18:12:00,40.6905,-71.0382,"toi_underway",NA,NA,9.3,9.3,-77.578,20.6873,19.6,0.2399,0.4254
"EN608",2018-02-01 19:20:33,2018-02-01 19:16:00,40.69588,-70.88512,"toi_niskin",8,1,61.897,61.6,-84.584,20.5302,31,0.2995,0.5187
"EN608",2018-02-01 19:22:58,2018-02-01 19:16:00,40.69526,-70.88492,"toi_niskin",8,3,44.874,44.8,-84.226,20.5382,14.2,0.2805,0.5144
"EN608",2018-02-01 19:25:45,2018-02-01 19:16:00,40.69452,-70.88458,"toi_niskin",8,8,29.332,29.2,-83.99,20.5435,20.2,0.2888,0.5187
"EN608",2018-02-01 19:28:14,2018-02-01 19:16:00,40.69378,-70.88452,"toi_niskin",8,11,14.965,15,-74.571,20.7548,18.8,0.2426,0.4323
"EN608",2018-02-01 19:30:48,2018-02-01 19:16:00,40.69306,-70.88426,"toi_niskin",8,15,5.48,5.6,-78.881,20.6581,18.6,0.2317,0.4115
"EN608",2018-02-01 19:30:48,2018-02-01 19:16:00,40.69306,-70.88426,"toi_niskin",8,15,5.48,5.6,-79.161,20.6518,15.3,0.2246,0.4042
"EN608",2018-02-01 19:33:00,2018-02-01 19:33:00,40.6923,-70.8842,"toi_underway",NA,NA,5,0,-77.929,20.6795,27.2,0.2273,0.3864
"EN608",2018-02-01 19:35:00,2018-02-01 19:35:00,40.6917,-70.8841,"toi_underway",NA,NA,5,0,-78.091,20.6758,29.3,0.2273,0.3824
"EN608",2018-02-01 23:44:05,2018-02-01 23:33:00,40.52268,-70.89574,"toi_niskin",9,8,29.223,29.3,-89.068,20.4297,18.2,0.2899,0.5248
"EN608",2018-02-01 23:48:59,2018-02-01 23:33:00,40.52209,-70.89656,"toi_niskin",9,15,5.1,5,-90.647,20.3942,24,0.3161,0.5642
"EN608",2018-02-02 04:07:46,2018-02-02 03:59:00,40.35986,-70.66176,"toi_niskin",10,2,24.153,24,-108.89,19.9851,19.6,0.4282,0.7893
"EN608",2018-02-02 04:10:35,2018-02-02 03:59:00,40.35944,-70.66133,"toi_niskin",10,3,5.878,6,-104.58,20.0818,15.6,0.3973,0.7373
"EN608",2018-02-02 04:41:00,2018-02-02 04:41:00,40.3583,-70.6978,"toi_underway",NA,NA,5,0,-100.42,20.175,18.7,0.3891,0.7156
"EN608",2018-02-02 05:00:00,2018-02-02 05:00:00,40.3603,-70.7591,"toi_underway",NA,NA,5,0,-94.302,20.3123,13.2,0.3688,0.6867
"EN608",2018-02-02 05:18:00,2018-02-02 05:18:00,40.3577,-70.8164,"toi_underway",NA,NA,5,0,-91.396,20.3774,20.1,0.3465,0.6304
"EN608",2018-02-02 05:40:00,2018-02-02 05:40:00,40.3534,-70.8872,"toi_underway",NA,NA,5,0,-93.89,20.3215,15.3,0.3665,0.6783
"EN608",2018-02-02 05:59:00,2018-02-02 05:59:00,40.357,-70.9504,"toi_underway",NA,NA,5,0,-94.868,20.2996,13,0.3813,0.7114
"EN608",2018-02-02 06:16:00,2018-02-02 06:16:00,40.3609,-71.0071,"toi_underway",NA,NA,5,0,-90.406,20.3996,18.6,0.3436,0.6278
"EN608",2018-02-02 07:04:25,2018-02-02 06:58:00,40.36082,-71.10338,"toi_niskin",11,1,74.156,75,-117.37,19.7949,22.6,0.527,0.9744
"EN608",2018-02-02 07:09:01,2018-02-02 06:58:00,40.36017,-71.1034,"toi_niskin",11,4,3.643,3,-93.566,20.3288,8.61,0.347,0.6536
"EN608",2018-02-02 09:28:04,2018-02-02 09:10:00,40.35675,-70.88002,"toi_niskin",12,12,35.265,55,-95.007,20.2964,11.2,0.3672,0.6876
"EN608",2018-02-02 09:32:54,2018-02-02 09:14:00,40.35612,-70.87999,"toi_niskin",12,19,4.806,5,-94.311,20.3121,22.6,0.3813,0.6929
"EN608",2018-02-02 15:31:54,2018-02-02 15:15:00,40.21318,-70.89878,"toi_niskin",14,14,66.668,65,-108.85,19.9859,13.5,0.5136,0.966
"EN608",2018-02-02 15:34:39,2018-02-02 15:15:00,40.21262,-70.89945,"toi_niskin",14,18,40.491,40,-97.532,20.2398,22.5,0.3698,0.6709
"EN608",2018-02-02 15:39:42,2018-02-02 15:15:00,40.2123,-70.90126,"toi_niskin",14,22,6.882,3,-96.481,20.2634,19.3,0.3525,0.6436
"EN608",2018-02-02 19:11:30,2018-02-02 19:01:00,40.12286,-70.8018,"toi_niskin",15,4,90.02,90,-232.92,17.2036,27.6,1.277,2.415
"EN608",2018-02-02 19:16:05,2018-02-02 19:01:00,40.12178,-70.80362,"toi_niskin",15,9,41.243,41.1,-100.72,20.1683,13.9,0.4288,0.8015
"EN608",2018-02-02 19:21:14,2018-02-02 19:01:00,40.12064,-70.80546,"toi_niskin",15,16,14.492,14.4,-93.337,20.3339,15.8,0.3315,0.6098
"EN608",2018-02-02 19:23:26,2018-02-02 19:01:00,40.12004,-70.8062,"toi_niskin",15,20,6.707,6.4,-92.055,20.3627,7.92,0.3066,0.5768
"EN608",2018-02-02 19:23:26,2018-02-02 19:01:00,40.12004,-70.8062,"toi_niskin",15,20,6.707,6.4,-92.087,20.362,14.1,0.3119,0.5752
"EN608",2018-02-02 19:26:00,2018-02-02 19:26:00,40.1193,-70.8071,"toi_underway",NA,NA,5,0,-91.886,20.3664,19.4,0.32,0.5806
"EN608",2018-02-02 19:28:00,2018-02-02 19:28:00,40.1186,-70.8078,"toi_underway",NA,NA,5,0,-92.802,20.3459,13.7,0.3221,0.5957
"EN608",2018-02-03 00:34:21,2018-02-03 00:25:00,40.09466,-70.66817,"toi_niskin",16,1,36.232,35.5,-135.51,19.388,19.1,0.6677,1.253
"EN608",2018-02-03 00:37:41,2018-02-03 00:25:00,40.09432,-70.66957,"toi_niskin",16,3,5.689,5.4,-95.41,20.2874,22.4,0.3461,0.6253
"EN608",2018-02-03 01:16:00,2018-02-03 01:16:00,40.0973,-70.7048,"toi_underway",NA,NA,5,0,-96.508,20.2628,24.2,0.3865,0.6999
"EN608",2018-02-03 01:42:00,2018-02-03 01:42:00,40.0966,-70.7584,"toi_underway",NA,NA,5,0,-90.746,20.392,11.9,0.3348,0.6237
"EN608",2018-02-03 02:13:00,2018-02-03 02:13:00,40.0964,-70.828,"toi_underway",NA,NA,5,0,-96.355,20.2662,21.4,0.3743,0.6817
"EN608",2018-02-03 02:45:00,2018-02-03 02:45:00,40.102,-70.8884,"toi_underway",NA,NA,5,0,-92.688,20.3485,22.3,0.3482,0.6295
"EN608",2018-02-03 03:12:00,2018-02-03 03:12:00,40.1019,-70.9395,"toi_underway",NA,NA,5,0,-88.758,20.4366,18.1,0.3167,0.5767
"EN608",2018-02-03 03:50:00,2018-02-03 03:50:00,40.0995,-71.0052,"toi_underway",NA,NA,9,9,-86.215,20.4936,19.5,0.3118,0.5646
"EN608",2018-02-03 04:24:00,2018-02-03 04:24:00,40.0965,-71.0582,"toi_underway",NA,NA,5,0,-83.943,20.5446,13.4,0.3096,0.572
"EN608",2018-02-03 07:56:00,2018-02-03 07:56:00,40.0647,-70.8866,"toi_underway",NA,NA,5,0,-93.747,20.3247,10.6,0.3574,0.6698
"EN608",2018-02-03 09:35:00,2018-02-03 09:35:00,39.9379,-70.878,"toi_underway",NA,NA,5,0,-94.627,20.305,12.5,0.3882,0.7257
"EN608",2018-02-03 13:01:19,2018-02-03 12:39:00,39.7713,-70.67842,"toi_niskin",17,1,85.096,85,-172.43,18.5601,25.9,0.8362,1.566
"EN608",2018-02-03 13:05:56,2018-02-03 12:39:00,39.7706,-70.67977,"toi_niskin",17,4,8.153,8.4,-134.6,19.4084,16.7,0.5883,1.104
"EN608",2018-02-03 13:32:00,2018-02-03 13:32:00,39.775,-70.7034,"toi_underway",NA,NA,5,0,-123.1,19.6665,19.8,0.5318,0.989
"EN608",2018-02-03 13:49:00,2018-02-03 13:49:00,39.7753,-70.7608,"toi_underway",NA,NA,5,0,-99.988,20.1847,19.5,0.3767,0.69
"EN608",2018-02-03 14:08:00,2018-02-03 14:08:00,39.7766,-70.826,"toi_underway",NA,NA,5,0,-98.973,20.2075,22.3,0.3829,0.6966
"EN608",2018-02-03 14:24:00,2018-02-03 14:24:00,39.7796,-70.8823,"toi_underway",NA,NA,5,0,-94.192,20.3147,18.8,0.3706,0.6796
"EN608",2018-02-03 14:43:00,2018-02-03 14:43:00,39.7834,-70.9484,"toi_underway",NA,NA,5,0,-91.497,20.3752,21.5,0.3555,0.6452
"EN608",2018-02-03 14:58:00,2018-02-03 14:58:00,39.7793,-71.0014,"toi_underway",NA,NA,5,0,-96.793,20.2564,10.9,0.3712,0.6959
"EN608",2018-02-03 15:17:00,2018-02-03 15:17:00,39.7773,-71.0687,"toi_underway",NA,NA,5,0,-126.72,19.5852,19.4,0.5705,1.065
"EN608",2018-02-03 16:01:29,2018-02-03 15:42:00,39.76962,-71.10559,"toi_niskin",18,1,151.604,150,-166.59,18.6911,20.7,0.8065,1.518
"EN608",2018-02-03 16:07:50,2018-02-03 15:42:00,39.76908,-71.10668,"toi_niskin",18,5,5.268,5,-131.47,19.4787,16.2,0.593,1.114
"EN608",2018-02-03 17:14:00,2018-02-03 17:14:00,39.7729,-70.9187,"toi_underway",NA,NA,5,0,-91.101,20.3841,19.7,0.3461,0.6305
"EN608",2018-02-03 18:12:51,2018-02-03 17:45:00,39.76429,-70.889,"toi_niskin",19,10,64.93,65,-113.19,19.8888,18.5,0.5052,0.9402
"EN608",2018-02-03 18:19:00,2018-02-03 18:19:00,39.7633,-70.8899,"toi_underway",NA,NA,5,0,-92.154,20.3604,16.3,0.3334,0.6125
"EN608",2018-02-03 18:20:18,2018-02-03 17:45:00,39.76318,-70.88984,"toi_niskin",19,19,3.737,5,-91.822,20.3679,12.8,0.3364,0.6251
"EN608",2018-02-03 18:21:00,2018-02-03 18:21:00,39.7631,-70.8898,"toi_underway",NA,NA,5,0,-92.657,20.3492,19.7,0.3493,0.6365
"EN608",2018-02-03 21:13:00,2018-02-03 21:13:00,39.9282,-70.7682,"toi_underway",NA,NA,5,0,-91.138,20.3832,22.2,0.2927,0.5224
"EN608",2018-02-03 22:10:00,2018-02-03 22:10:00,39.9334,-70.8479,"toi_underway",NA,NA,5,0,-88.695,20.438,16.9,0.2978,0.5426
"EN608",2018-02-03 23:13:37,2018-02-03 22:38:00,39.92551,-70.88635,"toi_niskin",21,10,64.432,65,-105.65,20.0577,13.2,0.4555,0.8545
"EN608",2018-02-03 23:20:58,2018-02-03 22:38:00,39.92384,-70.88616,"toi_niskin",21,21,5.341,5,-95.333,20.2891,15.3,0.3455,0.6377
"EN608",2018-02-03 23:23:00,2018-02-03 23:23:00,39.9234,-70.8861,"toi_underway",NA,NA,5,0,-95.515,20.2851,13,0.3457,0.6425
"EN608",2018-02-04 01:22:00,2018-02-04 01:22:00,40.0059,-70.9003,"toi_underway",NA,NA,5,0,-82.817,20.5698,22.3,0.2527,0.445
"EN608",2018-02-04 03:35:30,2018-02-04 03:13:00,40.08137,-70.85075,"toi_niskin",22,11,59.467,60,-102.14,20.1365,15.6,0.444,0.8276
"EN608",2018-02-04 03:45:02,2018-02-04 03:13:00,40.07984,-70.84764,"toi_niskin",22,21,7.224,3,-94.964,20.2974,19.4,0.3486,0.6359
"EN608",2018-02-04 03:45:02,2018-02-04 03:13:00,40.07984,-70.84764,"toi_niskin",22,21,7.224,3,-95.373,20.2882,18.3,0.3528,0.6461
"EN608",2018-02-04 03:47:00,2018-02-04 03:47:00,40.0795,-70.847,"toi_underway",NA,NA,5,0,-95.812,20.2784,9.73,0.3486,0.6545
"EN608",2018-02-04 03:49:00,2018-02-04 03:49:00,40.0789,-70.8465,"toi_underway",NA,NA,5,0,-95.346,20.2888,13.7,0.3417,0.6336
"EN608",2018-02-04 07:38:00,2018-02-04 07:38:00,40.2936,-70.8081,"toi_underway",NA,NA,5,0,-110.88,19.9405,12.7,0.4634,0.8707
"EN608",2018-02-04 07:57:00,2018-02-04 07:57:00,40.3276,-70.7878,"toi_underway",NA,NA,5,0,-96.684,20.2589,19.5,0.3836,0.7033
"EN608",2018-02-04 08:47:00,2018-02-04 08:47:00,40.3533,-70.7629,"toi_underway",NA,NA,5,0,-97.675,20.2366,19.7,0.3988,0.7323
"EN608",2018-02-04 09:15:00,2018-02-04 09:15:00,40.3864,-70.7802,"toi_underway",NA,NA,5,0,-96.858,20.2549,14.2,0.389,0.724
"EN608",2018-02-04 09:31:00,2018-02-04 09:31:00,40.4134,-70.7983,"toi_underway",NA,NA,5,0,-98.274,20.2232,10.9,0.3884,0.7291
"EN608",2018-02-04 09:49:00,2018-02-04 09:49:00,40.4441,-70.8187,"toi_underway",NA,NA,5,0,-91.142,20.3831,9.29,0.3205,0.601
"EN608",2018-02-04 10:13:00,2018-02-04 10:13:00,40.482,-70.8485,"toi_underway",NA,NA,5,0,-87.518,20.4644,20,0.3045,0.5495
"EN608",2018-02-04 10:30:00,2018-02-04 10:30:00,40.5085,-70.8704,"toi_underway",NA,NA,5,0,-87.302,20.4692,18.1,0.311,0.5658
"EN608",2018-02-04 11:05:00,2018-02-04 11:05:00,40.5267,-70.8827,"toi_underway",NA,NA,5,0,-87.327,20.4687,18.6,0.3268,0.5952
"EN608",2018-02-04 11:45:00,2018-02-04 11:45:00,40.6032,-70.8816,"toi_underway",NA,NA,5,0,-86.795,20.4806,20.6,0.3212,0.5805
"EN608",2018-02-04 12:11:00,2018-02-04 12:11:00,40.6707,-70.883,"toi_underway",NA,NA,5,0,-82.838,20.5694,13.2,0.3009,0.5556
"EN608",2018-02-04 12:43:22,2018-02-04 12:37:00,40.69415,-70.88094,"toi_niskin",26,1,4.951,5,-80.85,20.614,18.9,0.2792,0.5027
"EN608",2018-02-04 12:43:22,2018-02-04 12:37:00,40.69415,-70.88094,"toi_niskin",26,1,4.951,5,-81.04,20.6097,26.8,0.2868,0.5021
"EN608",2018-02-04 12:44:00,2018-02-04 12:44:00,40.694,-70.8809,"toi_underway",NA,NA,5,0,-80.872,20.6135,14.9,0.2777,0.5076
"EN608",2018-02-04 12:45:00,2018-02-04 12:45:00,40.6937,-70.8808,"toi_underway",NA,NA,5,0,-80.868,20.6135,10.4,0.2657,0.4931
"EN608",2018-02-04 14:17:00,2018-02-04 14:17:00,40.8623,-70.8818,"toi_underway",NA,NA,5,0,-73.577,20.7771,27.7,0.2175,0.3667
"EN608",2018-02-04 15:34:00,2018-02-04 15:34:00,40.9195,-70.8819,"toi_underway",NA,NA,5,0,-64.591,20.9786,24.8,0.1216,0.1869
"EN608",2018-02-04 18:19:00,2018-02-04 18:19:00,41.0297,-70.8817,"toi_underway",NA,NA,5,0,-43.01,21.4626,30.5,-0.08266,-0.2184
"EN608",2018-02-04 20:15:00,2018-02-04 20:15:00,41.1353,-70.881,"toi_underway",NA,NA,5,0,-51.522,21.2717,34.2,-0.0127,-0.09051
"EN608",2018-02-04 21:27:00,2018-02-04 21:27:00,41.1984,-70.8859,"toi_underway",NA,NA,5,0,-60.336,21.074,25.9,0.07987,0.1042
"EN608",2018-02-05 00:12:19,2018-02-05 00:04:00,41.32218,-70.57412,"toi_niskin",30,13,4.027,4,-71.703,20.8191,16.8,0.2483,0.4472
"EN617",2018-07-20 17:33:17,2018-07-20 17:23:00,41.20235,-70.88547,"toi_niskin",1,3,12.108,12.5,-89.593,20.4179,119,-0.1059,-0.4343
"EN617",2018-07-20 17:38:29,2018-07-20 17:23:00,41.20318,-70.88549,"toi_niskin",1,10,1.891,2,-42.521,21.4736,80.5,-0.461,-1.045
"EN617",2018-07-20 23:04:46,2018-07-20 22:57:00,41.03156,-70.87956,"toi_niskin",2,5,24.23,24,-153.34,18.9882,113,0.4373,0.6261
"EN617",2018-07-20 23:09:38,2018-07-20 22:57:00,41.03202,-70.87892,"toi_niskin",2,14,9.873,10.5,78.584,24.1896,155,-0.9018,-2.039
"EN617",2018-07-20 23:12:54,2018-07-20 22:57:00,41.03236,-70.87854,"toi_niskin",2,18,2.95,2,-32.857,21.6903,76.7,-0.1282,-0.3954
"EN617",2018-07-20 23:12:54,2018-07-20 22:57:00,41.03236,-70.87854,"toi_niskin",2,18,2.95,2,-32.839,21.6907,68.2,-0.1394,-0.4008
"EN617",2018-07-20 23:14:00,2018-07-20 23:14:00,41.0325,-70.8784,"toi_underway",NA,NA,5,0,-46.784,21.378,74.8,0.002503,-0.1395
"EN617",2018-07-20 23:15:00,2018-07-20 23:15:00,41.0327,-70.8783,"toi_underway",NA,NA,5,0,-46.243,21.3901,71.8,0.003684,-0.1315
"EN617",2018-07-21 00:32:00,2018-07-21 00:32:00,41.0255,-70.6631,"toi_underway",NA,NA,5,0,-54.296,21.2095,54.6,0.106,0.09929
"EN617",2018-07-21 00:48:00,2018-07-21 00:48:00,41.0297,-70.7203,"toi_underway",NA,NA,5,0,-50.312,21.2988,60,0.1125,0.1014
"EN617",2018-07-21 01:21:47,2018-07-21 01:15:00,41.0292,-70.76874,"toi_niskin",3,1,16.349,16,-57.625,21.1348,136,-0.489,-1.206
"EN617",2018-07-21 01:25:33,2018-07-21 01:15:00,41.02875,-70.76822,"toi_niskin",3,3,3.313,3,-42.159,21.4817,68.1,-0.03422,-0.1976
"EN617",2018-07-21 02:04:00,2018-07-21 02:04:00,41.0309,-70.8408,"toi_underway",NA,NA,5,0,-51.317,21.2763,69.7,0.07854,0.01709
"EN617",2018-07-21 02:15:00,2018-07-21 02:15:00,41.0281,-70.8813,"toi_underway",NA,NA,5,0,-49.101,21.326,85.2,0.04534,-0.07683
"EN617",2018-07-21 02:30:00,2018-07-21 02:30:00,41.0271,-70.9367,"toi_underway",NA,NA,5,0,-47.671,21.3581,72.8,0.03691,-0.06923
"EN617",2018-07-21 03:03:57,2018-07-21 02:58:00,41.02947,-70.98997,"toi_niskin",4,1,12.398,12,-123.51,19.6572,112,0.1303,0.03467
"EN617",2018-07-21 03:06:56,2018-07-21 02:58:00,41.02907,-70.98952,"toi_niskin",4,12,3.764,3,-39.712,21.5366,70,-0.02173,-0.177
"EN617",2018-07-21 03:39:00,2018-07-21 03:39:00,41.0281,-71.0544,"toi_underway",NA,NA,5,0,-45.233,21.4127,76.6,-0.006199,-0.1597
"EN617",2018-07-21 04:03:00,2018-07-21 04:03:00,41.0244,-71.0869,"toi_underway",NA,NA,5,0,-46.114,21.393,78.8,-0.02969,-0.2094
"EN617",2018-07-21 06:50:55,2018-07-21 06:39:00,40.86436,-70.8855,"toi_niskin",5,3,29.851,30,-188.89,18.191,102,1.032,1.798
"EN617",2018-07-21 06:57:02,2018-07-21 06:39:00,40.86468,-70.88694,"toi_niskin",5,8,14.399,14,45.73,23.4528,148,-0.6273,-1.495
"EN617",2018-07-21 07:03:02,2018-07-21 06:39:00,40.86498,-70.88832,"toi_niskin",5,14,1.624,2,-46.786,21.3779,46.5,0.07525,0.05559
"EN617",2018-07-21 10:23:00,2018-07-21 10:23:00,40.6926,-70.67,"toi_underway",NA,NA,5,0,-54.458,21.2059,59.2,0.2018,0.2755
"EN617",2018-07-21 11:11:37,2018-07-21 11:04:00,40.70184,-70.7724,"toi_niskin",6,1,20.048,20,-6.2247,22.2876,160,-0.4189,-1.117
"EN617",2018-07-21 11:15:18,2018-07-21 11:04:00,40.70234,-70.77222,"toi_niskin",6,4,2.112,2,-50.665,21.2909,68.1,0.1779,0.212
"EN617",2018-07-21 11:43:00,2018-07-21 11:43:00,40.7017,-70.8282,"toi_underway",NA,NA,5,0,-56.755,21.1543,61.7,0.2311,0.3272
"EN617",2018-07-21 11:58:00,2018-07-21 11:58:00,40.7002,-70.8836,"toi_underway",NA,NA,5,0,-59.374,21.0956,70.3,0.2426,0.3328
"EN617",2018-07-21 12:14:00,2018-07-21 12:14:00,40.6987,-70.9438,"toi_underway",NA,NA,5,0,-53.441,21.2287,66.7,0.1729,0.2052
"EN617",2018-07-21 12:44:37,2018-07-21 12:37:00,40.69894,-70.99246,"toi_niskin",7,1,20.386,20,-12.248,22.1525,134,-0.456,-1.139
"EN617",2018-07-21 12:48:44,2018-07-21 12:37:00,40.69996,-70.99186,"toi_niskin",7,3,1.974,2,-46.002,21.3955,71.2,0.1182,0.09075
"EN617",2018-07-21 13:32:00,2018-07-21 13:32:00,40.6966,-71.1029,"toi_underway",NA,NA,5,0,-49.16,21.3247,63.5,0.1336,0.1354
"EN617",2018-07-21 14:57:09,2018-07-21 14:51:00,40.69956,-70.87992,"toi_niskin",8,1,59.428,60,-251.26,16.7921,86.5,1.789,3.294
"EN617",2018-07-21 15:01:47,2018-07-21 14:51:00,40.70024,-70.8792,"toi_niskin",8,3,44.419,45,-107.27,20.0215,59.9,0.6457,1.132
"EN617",2018-07-21 15:04:36,2018-07-21 14:51:00,40.70063,-70.87856,"toi_niskin",8,6,24.629,34,-140.74,19.2708,114,0.5588,0.8601
"EN617",2018-07-21 15:10:25,2018-07-21 14:51:00,40.70142,-70.87727,"toi_niskin",8,12,12.414,12,34.273,23.1959,139,-0.4183,-1.076
"EN617",2018-07-21 15:12:54,2018-07-21 14:51:00,40.70185,-70.87676,"toi_niskin",8,15,2.292,2,-43.907,21.4425,73,0.1055,0.06276
"EN617",2018-07-21 15:12:54,2018-07-21 14:51:00,40.70185,-70.87676,"toi_niskin",8,15,2.292,2,-44.089,21.4384,70.6,0.1008,0.05838
"EN617",2018-07-21 15:13:00,2018-07-21 15:13:00,40.7019,-70.8767,"toi_underway",NA,NA,5,0,-47.364,21.365,67.4,0.1234,0.1083
"EN617",2018-07-21 15:15:00,2018-07-21 15:15:00,40.7021,-70.8763,"toi_underway",NA,NA,5,0,-47.218,21.3682,79.3,0.1432,0.1235
"EN617",2018-07-21 17:33:35,2018-07-21 17:23:00,40.5197,-70.88118,"toi_niskin",9,6,35.266,35,-90.535,20.3968,102,0.3056,0.5844
"EN617",2018-07-21 17:35:52,2018-07-21 17:23:00,40.52033,-70.8812,"toi_niskin",9,8,19.902,20,29.286,23.084,138,-0.45,-1.134
"EN617",2018-07-21 17:39:47,2018-07-21 17:23:00,40.52146,-70.88128,"toi_niskin",9,12,4.202,2,-5.5635,22.3024,74.3,-0.21,-0.5486
"EN617",2018-07-21 20:03:00,2018-07-21 20:03:00,40.3688,-70.7773,"toi_underway",NA,NA,5,0,-45.33,21.4106,53.1,0.08157,0.05496
"EN617",2018-07-21 21:46:29,2018-07-21 21:39:00,40.36578,-70.77014,"toi_niskin",10,1,46.627,46,-224.06,17.4021,73.4,1.562,2.879
"EN617",2018-07-21 21:48:43,2018-07-21 21:39:00,40.36614,-70.76962,"toi_niskin",10,3,17,17,22.795,22.9384,112,-0.4288,-1.043
"EN617",2018-07-21 21:50:12,2018-07-21 21:39:00,40.36651,-70.7689,"toi_niskin",10,5,7.901,3,-54.811,21.1979,45.3,0.1491,0.2005
"EN617",2018-07-21 22:26:00,2018-07-21 22:26:00,40.3651,-70.8438,"toi_underway",NA,NA,5,0,-56.476,21.1606,59.6,0.1884,0.2488
"EN617",2018-07-21 22:36:00,2018-07-21 22:36:00,40.364,-70.8805,"toi_underway",NA,NA,5,0,-53.505,21.2272,65.3,0.1643,0.191
"EN617",2018-07-21 22:51:00,2018-07-21 22:51:00,40.3631,-70.9359,"toi_underway",NA,NA,5,0,-49.022,21.3278,49.9,0.1303,0.1552
"EN617",2018-07-21 23:24:05,2018-07-21 23:17:00,40.36632,-70.9887,"toi_niskin",11,1,31.73,32,-210.39,17.7088,79.6,1.434,2.619
"EN617",2018-07-21 23:26:05,2018-07-21 23:17:00,40.3667,-70.9886,"toi_niskin",11,3,17.44,17,26.267,23.0163,132,-0.4801,-1.181
"EN617",2018-07-21 23:27:53,2018-07-21 23:17:00,40.36684,-70.9889,"toi_niskin",11,5,5.368,3,-33.526,21.6753,62.5,0.01086,-0.09967
"EN617",2018-07-22 00:44:00,2018-07-22 00:44:00,40.3583,-71.0987,"toi_underway",NA,NA,5,0,-43.482,21.452,57.3,0.09694,0.07651
"EN617",2018-07-22 02:20:14,2018-07-22 02:08:00,40.36838,-70.88932,"toi_niskin",12,8,40.272,50,-216.06,17.5816,94.7,1.505,2.728
"EN617",2018-07-22 02:25:56,2018-07-22 02:08:00,40.36938,-70.88922,"toi_niskin",12,17,14.538,28,48.441,23.5136,135,-0.5049,-1.235
"EN617",2018-07-22 02:28:00,2018-07-22 02:08:00,40.36968,-70.88926,"toi_niskin",12,21,4.776,3,-45.953,21.3966,59.2,0.1155,0.1087
"EN617",2018-07-22 05:15:19,2018-07-22 05:00:00,40.23852,-70.89093,"toi_niskin",13,7,55.346,3,-41.281,21.5014,62.6,0.06834,0.01111
"EN617",2018-07-22 05:16:58,2018-07-22 05:00:00,40.23896,-70.89054,"toi_niskin",13,9,38.289,38,-185.54,18.266,67.5,1.17,2.131
"EN617",2018-07-22 05:20:34,2018-07-22 05:00:00,40.23997,-70.88964,"toi_niskin",13,14,21.61,21,23.355,22.951,122,-0.4011,-1.01
"EN617",2018-07-22 09:06:18,2018-07-22 08:58:00,40.14082,-70.75892,"toi_niskin",14,2,128.995,0,-283.18,16.0762,37.3,1.889,3.581
"EN617",2018-07-22 09:12:19,2018-07-22 08:58:00,40.14204,-70.75856,"toi_niskin",14,6,80.403,80,-233.42,17.1922,63.6,1.638,3.045
"EN617",2018-07-22 09:15:10,2018-07-22 08:58:00,40.14254,-70.75846,"toi_niskin",14,8,61.09,61,-209.07,17.7383,74.4,1.452,2.663
"EN617",2018-07-22 09:18:09,2018-07-22 08:58:00,40.14338,-70.7591,"toi_niskin",14,11,39.035,39,-126.01,19.6011,106,0.7429,1.231
"EN617",2018-07-22 09:23:17,2018-07-22 08:58:00,40.14481,-70.75986,"toi_niskin",14,16,17.729,18.5,2.6523,22.4867,100,-0.2614,-0.6976
"EN617",2018-07-22 09:26:23,2018-07-22 08:58:00,40.14536,-70.7594,"toi_niskin",14,18,6.875,7,-50.414,21.2966,48,0.09332,0.08755
"EN617",2018-07-22 09:26:23,2018-07-22 08:58:00,40.14536,-70.7594,"toi_niskin",14,18,6.875,7,-50.483,21.295,48,0.09733,0.09533
"EN617",2018-07-22 09:27:00,2018-07-22 09:27:00,40.1453,-70.7594,"toi_underway",NA,NA,5,0,-53.283,21.2322,44.6,0.1255,0.1563
"EN617",2018-07-22 09:28:00,2018-07-22 09:28:00,40.1453,-70.7596,"toi_underway",NA,NA,5,0,-53.698,21.2229,47.6,0.1265,0.1524
"EN617",2018-07-22 12:49:00,2018-07-22 12:49:00,40.0962,-70.6642,"toi_underway",NA,NA,5,0,-63.466,21.0038,47.2,0.217,0.3279
"EN617",2018-07-22 13:47:44,2018-07-22 13:38:00,40.0915,-70.77935,"toi_niskin",15,1,37.248,36,-12.989,22.1359,137,-0.1684,-0.5893
"EN617",2018-07-22 13:51:29,2018-07-22 13:38:00,40.09012,-70.77852,"toi_niskin",15,3,2.884,3,-44.783,21.4228,46.5,0.07323,0.05159
"EN617",2018-07-22 14:32:00,2018-07-22 14:32:00,40.0988,-70.8033,"toi_underway",NA,NA,5,0,-43.65,21.4482,54.8,0.09102,0.07001
"EN617",2018-07-22 14:58:00,2018-07-22 14:58:00,40.0986,-70.8883,"toi_underway",NA,NA,5,0,-41.408,21.4985,58.9,0.08737,0.05495
"EN617",2018-07-22 15:13:00,2018-07-22 15:13:00,40.0975,-70.9373,"toi_underway",NA,NA,5,0,-42.729,21.4689,55.4,0.09958,0.08539
"EN617",2018-07-22 15:57:57,2018-07-22 15:46:00,40.09409,-70.99144,"toi_niskin",16,1,32.956,33,-146.92,19.1321,98.4,0.9028,1.554
"EN617",2018-07-22 17:00:00,2018-07-22 17:00:00,40.1054,-71.0956,"toi_underway",NA,NA,5,0,-49.855,21.3091,40.3,0.1288,0.171
"EN617",2018-07-22 18:33:40,2018-07-22 18:17:00,40.0969,-70.87188,"toi_niskin",17,8,42.104,42,-164.44,18.7393,92.7,1.096,1.939
"EN617",2018-07-22 18:36:21,2018-07-22 18:17:00,40.09658,-70.87122,"toi_niskin",17,14,21.325,21,44.311,23.421,133,-0.4937,-1.21
"EN617",2018-07-22 18:38:24,2018-07-22 18:17:00,40.09628,-70.87082,"toi_niskin",17,18,6.385,3,-31.351,21.7241,59.9,-0.007699,-0.1304
"EN617",2018-07-22 22:01:22,2018-07-22 21:46:00,39.9493,-70.88157,"toi_niskin",18,7,54.988,55,-209.73,17.7236,76,1.527,2.806
"EN617",2018-07-22 22:08:32,2018-07-22 21:46:00,39.94903,-70.88009,"toi_niskin",18,15,4.741,3,-66.582,20.9339,39.5,0.1988,0.3076
"EN617",2018-07-23 07:10:00,2018-07-23 07:10:00,39.7734,-70.6714,"toi_underway",NA,NA,5,0,-67.593,20.9113,31.4,0.2361,0.3953
"EN617",2018-07-23 08:32:15,2018-07-23 08:08:00,39.7729,-70.75858,"toi_niskin",19,1,40.507,39,-12.757,22.1411,156,-0.2594,-0.8023
"EN617",2018-07-23 08:35:27,2018-07-23 08:08:00,39.77277,-70.75705,"toi_niskin",19,3,4.666,5,-66.346,20.9392,30.5,0.2225,0.3707
"EN617",2018-07-23 09:15:00,2018-07-23 09:15:00,39.7728,-70.8233,"toi_underway",NA,NA,5,0,-67.47,20.914,28.3,0.2384,0.4058
"EN617",2018-07-23 09:39:00,2018-07-23 09:39:00,39.776,-70.8928,"toi_underway",NA,NA,5,0,-60.534,21.0696,47.8,0.2093,0.312
"EN617",2018-07-23 09:58:00,2018-07-23 09:58:00,39.7762,-70.9486,"toi_underway",NA,NA,5,0,-56.824,21.1528,42.1,0.1836,0.2734
"EN617",2018-07-23 10:44:43,2018-07-23 10:21:00,39.7701,-70.98067,"toi_niskin",20,1,44.118,44,7.7451,22.6009,157,-0.5443,-1.353
"EN617",2018-07-23 10:48:54,2018-07-23 10:21:00,39.7698,-70.97938,"toi_niskin",20,3,5.403,6,-55.095,21.1916,33.1,0.1509,0.2274
"EN617",2018-07-23 11:45:00,2018-07-23 11:45:00,39.7727,-71.1004,"toi_underway",NA,NA,5,0,-60.303,21.0748,49.1,0.213,0.3164
"EN617",2018-07-23 13:55:32,2018-07-23 12:59:00,39.76506,-70.86052,"toi_niskin",21,9,40.476,40,-208.14,17.7592,83,1.265,2.285
"EN617",2018-07-23 13:57:45,2018-07-23 12:59:00,39.76476,-70.85978,"toi_niskin",21,10,30.159,30,30.819,23.1184,169,-0.5393,-1.366
"EN617",2018-07-23 14:04:00,2018-07-23 14:04:00,39.7638,-70.8577,"toi_underway",NA,NA,5,0,-57.843,21.1299,41.7,0.1852,0.2772
"EN617",2018-07-23 14:04:05,2018-07-23 12:59:00,39.76378,-70.85765,"toi_niskin",21,19,4.622,5,-55.557,21.1812,41,0.1474,0.2055
"EN617",2018-07-23 14:04:05,2018-07-23 12:59:00,39.76378,-70.85765,"toi_niskin",21,19,4.622,5,-55.361,21.1856,44.5,0.1522,0.2081
"EN617",2018-07-23 14:06:00,2018-07-23 14:06:00,39.7635,-70.8569,"toi_underway",NA,NA,5,0,-58.259,21.1206,43.2,0.1831,0.2702
"EN617",2018-07-23 17:30:00,2018-07-23 17:30:00,39.9412,-70.7678,"toi_underway",NA,NA,5,0,-69.319,20.8726,42.2,0.2498,0.4011
"EN617",2018-07-23 19:20:00,2018-07-23 19:20:00,40.141,-70.7642,"toi_underway",NA,NA,5,0,-65.493,20.9584,34,0.1986,0.3179
"EN617",2018-07-23 20:59:00,2018-07-23 20:59:00,40.3669,-70.767,"toi_underway",NA,NA,5,0,-49.879,21.3085,49.5,0.1417,0.1779
"EN617",2018-07-23 22:17:00,2018-07-23 22:17:00,40.5217,-70.8845,"toi_underway",NA,NA,5,0,-36.514,21.6083,61.6,0.05656,-0.009669
"EN617",2018-07-24 00:18:00,2018-07-24 00:18:00,40.8646,-70.8842,"toi_underway",NA,NA,5,0,-42.486,21.4744,56.7,0.07179,0.02919
"EN617",2018-07-24 01:28:00,2018-07-24 01:28:00,40.697,-70.883,"toi_underway",NA,NA,5,0,-15.312,22.0838,71.6,-0.03295,-0.2018
"EN617",2018-07-24 03:39:00,2018-07-24 03:39:00,40.3651,-70.8763,"toi_underway",NA,NA,5,0,-60.191,21.0773,49.4,0.211,0.3121
"EN617",2018-07-24 04:33:00,2018-07-24 04:33:00,40.2267,-70.8796,"toi_underway",NA,NA,5,0,-63.498,21.0031,33.2,0.2074,0.3365
"EN617",2018-07-24 05:21:00,2018-07-24 05:21:00,40.1016,-70.8736,"toi_underway",NA,NA,5,0,-57.378,21.1404,42.9,0.1976,0.2988
"EN617",2018-07-24 07:30:00,2018-07-24 07:30:00,39.7741,-70.8789,"toi_underway",NA,NA,5,0,-71.747,20.8181,38,0.2846,0.4764
"EN617",2018-07-24 11:39:00,2018-07-24 11:39:00,39.9487,-70.8789,"toi_underway",NA,NA,5,0,-50.439,21.296,62.3,0.1578,0.1844
"EN617",2018-07-24 13:05:00,2018-07-24 13:05:00,40.105,-70.8891,"toi_underway",NA,NA,5,0,-50.443,21.2959,48.5,0.1348,0.1665
"EN617",2018-07-24 14:04:00,2018-07-24 14:04:00,40.228,-70.8892,"toi_underway",NA,NA,5,0,-66.14,20.9439,46,0.2703,0.4333
"EN617",2018-07-24 16:50:00,2018-07-24 16:50:00,40.5148,-70.8794,"toi_underway",NA,NA,5,0,-54.321,21.2089,55.9,0.2123,0.3021
"EN617",2018-07-24 18:26:00,2018-07-24 18:26:00,40.6976,-70.8805,"toi_underway",NA,NA,5,0,-37.489,21.5864,66.5,0.1225,0.1082
"EN617",2018-07-24 19:52:00,2018-07-24 19:52:00,40.8627,-70.8775,"toi_underway",NA,NA,5,0,-52.144,21.2578,48.5,0.1756,0.2455
"EN617",2018-07-24 21:08:00,2018-07-24 21:08:00,41.0273,-70.8858,"toi_underway",NA,NA,5,0,-51.971,21.2616,55.3,0.1262,0.1369
"EN617",2018-07-24 23:06:00,2018-07-24 23:06:00,41.1967,-70.8824,"toi_underway",NA,NA,5,0,-47.512,21.3616,87.1,-0.43,-0.9981
"EN617",2018-07-25 01:19:12,2018-07-25 01:16:00,41.32418,-70.58549,"toi_niskin",35,1,13.875,14,-67.332,20.9171,76.8,-0.2408,-0.613
"EN617",2018-07-25 01:22:41,2018-07-25 01:16:00,41.32462,-70.5852,"toi_niskin",35,7,4.181,5,-63.521,21.0026,71.7,-0.2724,-0.6642
"EN617",2018-07-25 01:22:41,2018-07-25 01:16:00,41.32462,-70.5852,"toi_niskin",35,7,4.181,5,-62.669,21.0217,72.6,-0.2804,-0.6812
"EN617",2018-07-25 01:23:00,2018-07-25 01:23:00,41.3247,-70.5852,"toi_underway",NA,NA,5,0,-65.803,20.9514,74.6,-0.2476,-0.6218
"AR31A",2018-10-21 08:03:28,2018-10-21 08:03:00,40.3615,-70.8813333333333,"toi_niskin",1,11,5.331,5.331,-109.07,19.9811,38.2,0.405,0.7085
"AR31A",2018-10-21 10:22:39,2018-10-21 10:22:00,40.5153333333333,-70.8808333333333,"toi_niskin",2,10,2.481,2.481,-118.03,19.7801,33.2,0.4201,0.7474
"AR31A",2018-10-21 10:22:49,2018-10-21 10:23:00,40.5153333333333,-70.8808333333333,"toi_niskin",2,11,3.127,2.819,-117.14,19.8001,17.9,0.3974,0.7332
"AR31A",2018-10-21 10:28:00,2018-10-21 10:28:00,40.515,-70.88,"toi_underway",NA,NA,2.134,0,-108.21,20.0004,38.8,0.1273,0.1708
"AR31A",2018-10-21 12:18:01,2018-10-21 12:17:00,40.6963333333333,-70.8838333333333,"toi_niskin",3,8,2.452,2.295,-91.185,20.3822,29.3,0.2213,0.3707
"AR31A",2018-10-21 14:21:50,2018-10-21 14:21:00,40.8631666666667,-70.8836666666667,"toi_niskin",4,8,3.092,3.048,-80.298,20.6263,35,0.1012,0.1278
"AR31A",2018-10-21 14:26:00,2018-10-21 14:26:00,40.863,-70.885,"toi_underway",NA,NA,2.134,0,-108.93,19.9842,37.1,0.1407,0.2002
"AR31A",2018-10-21 16:26:46,2018-10-21 16:26:00,41.0311666666667,-70.8828333333333,"toi_niskin",5,8,3.227,3.065,-103.99,20.0949,35.9,0.05794,0.0425
"AR31A",2018-10-21 16:48:00,2018-10-21 16:48:00,41.066,-70.882,"toi_underway",NA,NA,2.134,0,-118.02,19.7802,31.1,0.4203,0.7518
"AR31A",2018-10-21 17:53:53,2018-10-21 17:56:00,41.1965,-70.8831666666667,"toi_niskin",6,2,16.803,3.436,-111.46,19.9274,33.8,0.1544,0.233
"AR31A",2018-10-21 17:56:14,2018-10-21 17:56:00,41.1965,-70.8831666666667,"toi_niskin",6,4,3.436,2.655,-110.01,19.9599,45.5,0.1641,0.2291
"AR31A",2018-10-21 17:56:29,2018-10-21 17:56:00,41.1965,-70.8831666666667,"toi_niskin",6,5,2.655,3.411,-108.44,19.9951,33.8,0.143,0.2109
"AR31A",2018-10-21 19:12:00,2018-10-21 19:12:00,41.366,-70.886,"toi_underway",NA,NA,2.134,0,-117.93,19.7823,23.7,0.4131,0.7523
"AR31A",2018-10-21 21:36:00,2018-10-21 21:36:00,41.376,-70.845,"toi_underway",NA,NA,2.134,0,-140.61,19.2737,34.5,0.2741,0.4626
"AR31A",2018-10-22 12:00:00,2018-10-22 12:00:00,40.359,-70.886,"toi_underway",NA,NA,2.134,0,-120.33,19.7286,35.8,0.5068,0.9099
"AR31A",2018-10-22 12:00:00,2018-10-22 12:00:00,40.359,-70.886,"toi_underway",NA,NA,2.134,0,-108.57,19.9924,39.4,0.3756,0.6494
"AR31A",2018-10-22 12:00:00,2018-10-22 12:00:00,40.359,-70.886,"toi_underway",NA,NA,2.134,0,-110.1,19.9581,32.8,0.3816,0.6737
"AR31A",2018-10-22 14:24:00,2018-10-22 14:24:00,40.359,-70.886,"toi_underway",NA,NA,2.134,0,-109.78,19.9652,35.8,0.3725,0.6505
"AR31A",2018-10-22 14:24:00,2018-10-22 14:24:00,40.359,-70.886,"toi_underway",NA,NA,2.134,0,-108.01,20.0048,33,0.3535,0.6191
"AR31A",2018-10-23 06:27:00,2018-10-23 06:27:00,40.525,-70.883,"toi_underway",NA,NA,2.134,0,-101.89,20.142,34.3,0.2851,0.4844
"AR31A",2018-10-23 06:27:00,2018-10-23 06:27:00,40.525,-70.883,"toi_underway",NA,NA,2.134,0,-103.83,20.0986,35.1,0.2945,0.501
"AR31A",2018-10-23 07:25:00,2018-10-23 07:25:00,40.695,-70.884,"toi_underway",NA,NA,2.134,0,-105.65,20.0578,31.1,0.3175,0.5531
"AR31A",2018-10-23 08:23:00,2018-10-23 08:23:00,40.859,-70.881,"toi_underway",NA,NA,2.134,0,-94.921,20.2984,34,0.143,0.2106
"AR31A",2018-10-23 08:25:00,2018-10-23 08:25:00,40.865,-70.882,"toi_underway",NA,NA,2.134,0,-98.787,20.2117,29.7,0.1827,0.2956
"AR31A",2018-10-23 09:23:00,2018-10-23 09:23:00,41.03,-70.883,"toi_underway",NA,NA,2.134,0,-96.094,20.2721,41.8,-0.04149,-0.1608
"AR31A",2018-10-23 09:25:00,2018-10-23 09:25:00,41.036,-70.883,"toi_underway",NA,NA,2.134,0,-95.188,20.2924,35.8,-0.06155,-0.188
"AR31A",2018-10-23 10:22:00,2018-10-23 10:22:00,41.192,-70.883,"toi_underway",NA,NA,2.134,0,-144.65,19.183,41.6,0.3286,0.5543
"AR31A",2018-10-23 10:24:00,2018-10-23 10:24:00,41.197,-70.883,"toi_underway",NA,NA,2.134,0,-146.72,19.1367,37.4,0.333,0.5709
"AR31A",2018-10-23 12:00:00,2018-10-23 12:00:00,41.428,-70.8,"toi_underway",NA,NA,2.134,0,-115.78,19.8306,38.3,0.4577,0.8102
"EN627",2019-02-01 21:46:49,2019-02-01 21:39:00,41.19767,-70.8809,"toi_niskin",3,2,11.756,0,-87.372,20.4677,10.5,0.2956,0.5506
"EN627",2019-02-01 21:54:47,2019-02-01 21:39:00,41.19844,-70.8797,"toi_niskin",3,7,2.136,5,-87.17,20.4722,24.6,0.3064,0.5444
"EN627",2019-02-02 01:25:00,2019-02-02 01:25:00,41.0309,-70.6706,"toi_underway",NA,NA,5,0,-75.737,20.7286,21,0.197,0.34
"EN627",2019-02-02 01:43:00,2019-02-02 01:43:00,41.0329,-70.7297,"toi_underway",NA,NA,5,0,-70.136,20.8542,23.9,0.1347,0.2139
"EN627",2019-02-02 02:24:58,2019-02-02 02:18:00,41.02792,-70.76138,"toi_niskin",5,2,2.86,5,-68.825,20.8836,17.4,0.1169,0.1922
"EN627",2019-02-02 03:00:00,2019-02-02 03:00:00,41.0262,-70.8385,"toi_underway",NA,NA,5,0,NA,NA,22.2,0.1037,0.1573
"EN627",2019-02-02 03:15:00,2019-02-02 03:15:00,41.0283,-70.8862,"toi_underway",NA,NA,5,0,-66.787,20.9293,12.8,0.09554,0.1597
"EN627",2019-02-02 03:34:00,2019-02-02 03:34:00,41.0272,-70.9396,"toi_underway",NA,NA,5,0,-70.021,20.8568,25.3,0.1351,0.2121
"EN627",2019-02-02 04:11:17,2019-02-02 04:03:00,41.02375,-70.98886,"toi_niskin",6,2,2.119,5,-74.413,20.7583,23.5,0.1592,0.2621
"EN627",2019-02-02 04:56:00,2019-02-02 04:56:00,41.0076,-71.0594,"toi_underway",NA,NA,5,0,-76.119,20.7201,21.8,0.1839,0.3129
"EN627",2019-02-02 05:12:00,2019-02-02 05:12:00,41.0297,-71.1048,"toi_underway",NA,NA,5,0,-74.616,20.7538,18.4,0.1727,0.298
"EN627",2019-02-02 06:33:06,2019-02-02 06:29:00,41.02752,-70.88092,"toi_niskin",7,1,41.069,0,-83.501,20.5545,18.1,0.2377,0.4241
"EN627",2019-02-02 06:41:26,2019-02-02 06:29:00,41.02568,-70.87918,"toi_niskin",7,9,3.879,5,-69.092,20.8777,16.3,0.1149,0.1904
"EN627",2019-02-02 06:41:26,2019-02-02 06:29:00,41.02568,-70.87918,"toi_niskin",7,9,3.879,5,-69.213,20.8749,19.9,0.1364,0.2249
"EN627",2019-02-02 06:43:00,2019-02-02 06:43:00,41.0254,-70.8788,"toi_underway",NA,NA,5,0,-70.08,20.8555,16.2,0.1409,0.2408
"EN627",2019-02-02 06:45:00,2019-02-02 06:45:00,41.025,-70.8784,"toi_underway",NA,NA,5,0,-70.249,20.8517,20.1,0.1428,0.2369
"EN627",2019-02-02 10:10:13,2019-02-02 10:02:00,40.8637,-70.8862,"toi_niskin",8,3,44.866,45,-84.134,20.5403,15.2,0.2372,0.4286
"EN627",2019-02-02 10:17:37,2019-02-02 10:02:00,40.8643,-70.88788,"toi_niskin",8,7,5.11,5,-85.988,20.4987,18.7,0.2611,0.4682
"EN627",2019-02-02 14:29:00,2019-02-02 14:29:00,40.6959,-70.6687,"toi_underway",NA,NA,5,0,-97.571,20.239,14,0.412,0.7688
"EN627",2019-02-02 14:45:00,2019-02-02 14:45:00,40.6974,-70.7201,"toi_underway",NA,NA,5,0,-93.968,20.3197,15.8,0.3776,0.699
"EN627",2019-02-02 15:18:47,2019-02-02 15:14:00,40.69296,-70.76806,"toi_niskin",9,1,59.801,60,-94.617,20.3052,13,0.3799,0.7087
"EN627",2019-02-02 15:23:35,2019-02-02 15:14:00,40.69208,-70.76662,"toi_niskin",9,7,4.945,5,-92.511,20.3524,9.5,0.3488,0.6553
"EN627",2019-02-02 15:53:00,2019-02-02 15:53:00,40.6897,-70.8288,"toi_underway",NA,NA,5,0,-88.263,20.4477,9.29,0.2956,0.553
"EN627",2019-02-02 16:08:00,2019-02-02 16:08:00,40.6904,-70.881,"toi_underway",NA,NA,5,0,-87.627,20.462,7.75,0.2853,0.5361
"EN627",2019-02-02 16:25:00,2019-02-02 16:25:00,40.6938,-70.9402,"toi_underway",NA,NA,5,0,-80.768,20.6158,15.3,0.2174,0.3904
"EN627",2019-02-02 17:02:06,2019-02-02 16:57:00,40.69418,-70.98621,"toi_niskin",10,1,59.265,59,-86.996,20.4761,19.7,0.2785,0.4998
"EN627",2019-02-02 17:06:15,2019-02-02 16:57:00,40.69404,-70.98485,"toi_niskin",10,3,5.377,5,-80.706,20.6172,18.7,0.2138,0.3768
"EN627",2019-02-02 17:36:00,2019-02-02 17:36:00,40.6953,-71.0531,"toi_underway",NA,NA,5,0,-76.139,20.7196,19.5,0.1763,0.3028
"EN627",2019-02-02 17:51:00,2019-02-02 17:51:00,40.6964,-71.1064,"toi_underway",NA,NA,5,0,-75.356,20.7372,22.5,0.1684,0.2818
"EN627",2019-02-02 20:05:18,2019-02-02 19:51:00,40.6977,-70.88093,"toi_niskin",12,1,61.745,61,-88.153,20.4502,9.85,0.287,0.5352
"EN627",2019-02-02 20:05:18,2019-02-02 19:59:00,40.6977,-70.88093,"toi_niskin",12,1,61.745,61,-87.882,20.4563,12.5,0.2913,0.5383
"EN627",2019-02-02 20:07:22,2019-02-02 19:59:00,40.69784,-70.8802,"toi_niskin",12,3,45.436,45,-85.121,20.5182,16,0.2663,0.4834
"EN627",2019-02-02 20:09:21,2019-02-02 19:59:00,40.69792,-70.87955,"toi_niskin",12,5,30.546,30,-80.364,20.6249,22.6,0.2151,0.3719
"EN627",2019-02-02 20:11:19,2019-02-02 19:59:00,40.69802,-70.87882,"toi_niskin",12,7,15.496,15,-80.065,20.6316,15.2,0.2134,0.3829
"EN627",2019-02-02 20:12:00,2019-02-02 20:12:00,40.6981,-70.8786,"toi_underway",NA,NA,5,0,-81.795,20.5928,27.4,0.2319,0.395
"EN627",2019-02-02 20:13:23,2019-02-02 19:51:00,40.6981,-70.8781,"toi_niskin",12,9,3.139,5,-80.22,20.6281,17.8,0.2007,0.3534
"EN627",2019-02-02 20:13:23,2019-02-02 19:59:00,40.6981,-70.8781,"toi_niskin",12,9,3.139,5,-80.561,20.6204,22.7,0.2115,0.3647
"EN627",2019-02-02 20:14:00,2019-02-02 20:14:00,40.6981,-70.8778,"toi_underway",NA,NA,5,0,-81.218,20.6057,17.3,0.2227,0.3968
"EN627",2019-02-02 23:34:22,2019-02-02 23:26:00,40.50694,-70.87928,"toi_niskin",13,3,45.188,45,-97.79,20.234,10.4,0.4154,0.7823
"EN627",2019-02-02 23:36:51,2019-02-02 23:26:00,40.50638,-70.87874,"toi_niskin",13,5,29.568,30,-97.923,20.2311,20.2,0.4204,0.7729
"EN627",2019-02-02 23:40:37,2019-02-02 23:26:00,40.5054,-70.8776,"toi_niskin",13,9,3.8,5,-97.22,20.2468,13.6,0.4055,0.757
"EN627",2019-02-03 04:59:00,2019-02-03 04:59:00,40.362,-70.663,"toi_underway",NA,NA,5,0,-94.324,20.3118,18,0.4088,0.7549
"EN627",2019-02-03 05:23:00,2019-02-03 05:23:00,40.363,-70.7218,"toi_underway",NA,NA,5,0,-90.813,20.3905,12.7,0.4043,0.7565
"EN627",2019-02-03 06:20:58,2019-02-03 06:10:00,40.35127,-70.76679,"toi_niskin",14,1,5.83,5,-90.93,20.3879,19.2,0.3754,0.688
"EN627",2019-02-03 07:10:00,2019-02-03 07:10:00,40.3612,-70.8397,"toi_underway",NA,NA,5,0,-88.195,20.4492,16.9,0.3717,0.6853
"EN627",2019-02-03 07:27:00,2019-02-03 07:27:00,40.3631,-70.8858,"toi_underway",NA,NA,5,0,-85.166,20.5172,16.3,0.3561,0.6564
"EN627",2019-02-03 07:48:00,2019-02-03 07:48:00,40.3628,-70.942,"toi_underway",NA,NA,5,0,-82.057,20.5869,13.6,0.3236,0.5987
"EN627",2019-02-03 08:27:15,2019-02-03 08:18:00,40.36106,-70.99762,"toi_niskin",15,1,4.342,5,-84.48,20.5325,13.6,0.3162,0.5845
"EN627",2019-02-03 09:16:00,2019-02-03 09:16:00,40.3613,-71.102,"toi_underway",NA,NA,5,0,-88.454,20.4434,12.5,0.3714,0.6932
"EN627",2019-02-03 10:56:47,2019-02-03 10:47:00,40.36296,-70.88958,"toi_niskin",16,4,60.169,60,-99.59,20.1937,19,0.4525,0.8374
"EN627",2019-02-03 10:59:04,2019-02-03 10:47:00,40.36319,-70.89021,"toi_niskin",16,6,43.679,43,-87.366,20.4678,19.5,0.3475,0.6335
"EN627",2019-02-03 11:04:06,2019-02-03 10:47:00,40.3637,-70.8916,"toi_niskin",16,10,5.591,5,-85.518,20.5093,13,0.348,0.647
"EN627",2019-02-03 11:06:00,2019-02-03 11:06:00,40.3639,-70.8922,"toi_underway",NA,NA,5,0,-91.291,20.3798,16.6,0.3867,0.7149
"EN627",2019-02-03 14:05:26,2019-02-03 13:51:00,40.22898,-70.8844,"toi_niskin",17,4,64.462,65,-97.737,20.2352,18.8,0.4109,0.7576
"EN627",2019-02-03 14:08:21,2019-02-03 13:51:00,40.22884,-70.88386,"toi_niskin",17,6,51.606,51,-92.468,20.3534,31.5,0.3621,0.6386
"EN627",2019-02-03 14:15:25,2019-02-03 13:51:00,40.22882,-70.88262,"toi_niskin",17,10,4.85,5,-77.409,20.6911,16.8,0.2288,0.4094
"EN627",2019-02-03 18:00:28,2019-02-03 17:42:00,40.13492,-70.76289,"toi_niskin",19,4,74.971,75,-128.45,19.5464,25.3,0.6307,1.17
"EN627",2019-02-03 18:02:36,2019-02-03 17:42:00,40.13494,-70.76274,"toi_niskin",19,5,55.103,55,-101.24,20.1566,20.1,0.4294,0.7905
"EN627",2019-02-03 18:05:22,2019-02-03 17:42:00,40.13496,-70.76252,"toi_niskin",19,6,40.09,40,-95.919,20.276,7.62,0.3901,0.7389
"EN627",2019-02-03 18:08:00,2019-02-03 18:08:00,40.1349,-70.7623,"toi_underway",NA,NA,5,0,-83.683,20.5504,18.3,0.3023,0.5485
"EN627",2019-02-03 18:09:53,2019-02-03 17:42:00,40.1349,-70.76216,"toi_niskin",19,10,2.918,0,-81.584,20.5975,20.8,0.2851,0.5105
"EN627",2019-02-03 18:09:53,2019-02-03 17:42:00,40.1349,-70.76216,"toi_niskin",19,10,2.918,5,-81.28,20.6043,14.5,0.2715,0.4964
"EN627",2019-02-03 18:10:00,2019-02-03 18:10:00,40.1349,-70.7622,"toi_underway",NA,NA,5,0,-83.579,20.5528,21,0.3025,0.5436
"EN627",2019-02-03 20:57:00,2019-02-03 20:57:00,40.0968,-70.6611,"toi_underway",NA,NA,5,0,-72.064,20.811,18.6,0.1547,0.2627
"EN627",2019-02-03 21:55:21,2019-02-03 21:43:00,40.10042,-70.77104,"toi_niskin",20,1,34.693,35,-87.983,20.454,12.4,0.3316,0.6165
"EN627",2019-02-03 21:58:30,2019-02-03 21:43:00,40.10084,-70.77092,"toi_niskin",20,4,2.399,5,-74.673,20.7525,17.4,0.2039,0.3602
"EN627",2019-02-03 22:31:00,2019-02-03 22:31:00,40.1003,-70.8237,"toi_underway",NA,NA,5,0,-71.097,20.8327,14,0.1704,0.3019
"EN627",2019-02-03 22:46:00,2019-02-03 22:46:00,40.0999,-70.8804,"toi_underway",NA,NA,5,0,-68.316,20.8951,28.4,0.1226,0.1818
"EN627",2019-02-03 23:01:00,2019-02-03 23:01:00,40.0985,-70.9353,"toi_underway",NA,NA,5,0,-76.741,20.7061,19.3,0.2259,0.3989
"EN627",2019-02-03 23:41:04,2019-02-03 23:29:00,40.09954,-70.98866,"toi_niskin",21,1,49.966,50,-93.089,20.3395,16.4,0.3011,0.5498
"EN627",2019-02-03 23:45:18,2019-02-03 23:29:00,40.09984,-70.98784,"toi_niskin",21,4,1.584,5,-67.944,20.9034,17.8,0.09426,0.1477
"EN627",2019-02-04 00:27:00,2019-02-04 00:27:00,40.0994,-71.0498,"toi_underway",NA,NA,5,0,-73.545,20.7778,26.9,0.1983,0.3311
"EN627",2019-02-04 00:42:00,2019-02-04 00:42:00,40.0987,-71.1007,"toi_underway",NA,NA,5,0,-72.871,20.7929,18.8,0.1805,0.3123
"EN627",2019-02-04 02:13:12,2019-02-04 01:52:00,40.09794,-70.88097,"toi_niskin",22,8,25.38,25,-73.492,20.779,30,0.1793,0.2883
"EN627",2019-02-04 02:17:03,2019-02-04 01:52:00,40.09796,-70.88002,"toi_niskin",22,11,2.544,5,-67.695,20.909,20.2,0.1302,0.2125
"EN627",2019-02-04 07:15:20,2019-02-04 06:40:00,39.93812,-70.88557,"toi_niskin",24,7,19.895,20,-65.677,20.9542,18.7,0.107,0.1706
"EN627",2019-02-04 07:17:19,2019-02-04 06:40:00,39.93808,-70.88574,"toi_niskin",24,8,13.001,13,-65.942,20.9483,21,0.1141,0.1799
"EN627",2019-02-04 07:19:28,2019-02-04 06:42:00,39.93808,-70.88588,"toi_niskin",24,10,4.851,5,-67.738,20.908,17.6,0.1368,0.2301
"EN627",2019-02-04 13:20:36,2019-02-04 12:47:00,39.77826,-70.89104,"toi_niskin",26,7,29.961,30,-58.638,21.1121,24.4,0.01971,-0.009133
"EN627",2019-02-04 13:22:59,2019-02-04 12:47:00,39.77824,-70.89155,"toi_niskin",26,9,13.128,13,-64.525,20.9801,22.3,0.09102,0.1328
"EN627",2019-02-04 13:25:10,2019-02-04 12:47:00,39.77818,-70.892,"toi_niskin",26,12,4.991,5,-64.36,20.9838,24.9,0.0982,0.1416
"EN627",2019-02-04 14:49:00,2019-02-04 14:49:00,39.7746,-70.6623,"toi_underway",NA,NA,5,0,-48.506,21.3393,33.4,-0.07769,-0.2145
"EN627",2019-02-04 15:05:00,2019-02-04 15:05:00,39.7736,-70.72,"toi_underway",NA,NA,5,0,-49.255,21.3226,31.8,-0.05793,-0.1732
"EN627",2019-02-04 15:51:43,2019-02-04 15:27:00,39.77314,-70.7754,"toi_niskin",27,1,24.059,24,-79.951,20.6341,20.4,0.2519,0.4472
"EN627",2019-02-04 15:53:55,2019-02-04 15:27:00,39.77308,-70.77542,"toi_niskin",27,3,13.957,14,-67.848,20.9056,23.7,0.1373,0.2194
"EN627",2019-02-04 15:56:09,2019-02-04 15:27:00,39.77302,-70.77542,"toi_niskin",27,5,5.016,5,-59.707,21.0881,29,0.05743,0.0549
"EN627",2019-02-04 16:20:00,2019-02-04 16:20:00,39.7716,-70.8305,"toi_underway",NA,NA,5,0,-65.057,20.9682,23.5,0.1197,0.1858
"EN627",2019-02-04 16:34:00,2019-02-04 16:34:00,39.7722,-70.8819,"toi_underway",NA,NA,5,0,-56.694,21.1557,27.2,0.0143,-0.02492
"EN627",2019-02-04 16:49:00,2019-02-04 16:49:00,39.7743,-70.9375,"toi_underway",NA,NA,5,0,-54.311,21.2091,34,-0.008385,-0.08176
"EN627",2019-02-04 17:41:12,2019-02-04 17:17:00,39.77725,-70.99254,"toi_niskin",28,1,35.25,35,-81.979,20.5886,23.8,0.2793,0.4936
"EN627",2019-02-04 17:44:00,2019-02-04 17:17:00,39.77764,-70.99296,"toi_niskin",28,2,10.062,10,-55.939,21.1726,25.2,0.01077,-0.02791
"EN627",2019-02-04 17:45:49,2019-02-04 17:17:00,39.77788,-70.99316,"toi_niskin",28,3,4.94,5,-51.736,21.2669,33.5,-0.01589,-0.09533
"EN627",2019-02-04 18:15:00,2019-02-04 18:15:00,39.7734,-71.05,"toi_underway",NA,NA,5,0,-50.52,21.2942,30.6,-0.0342,-0.1251
"EN627",2019-02-04 18:29:00,2019-02-04 18:29:00,39.7744,-71.1034,"toi_underway",NA,NA,5,0,-45.437,21.4082,28.5,-0.1004,-0.2488
"EN627",2019-02-05 03:20:22,2019-02-05 02:42:00,39.7787,-70.52544,"toi_niskin",29,12,1.829,5,-143.3,19.2133,18.8,0.6461,1.212
"EN627",2019-02-05 06:39:56,2019-02-05 06:13:00,39.779,-70.88598,"toi_niskin",30,6,4.855,5,-64.705,20.976,26.7,0.1048,0.1509
"EN627",2019-02-05 06:40:00,2019-02-05 06:40:00,39.779,-70.886,"toi_underway",NA,NA,5,0,-63.126,21.0114,23.3,0.09069,0.1302
"EN627",2019-02-05 07:50:19,2019-02-05 07:24:00,39.86272,-70.88267,"toi_niskin",31,1,5.155,5,-54.457,21.2059,16.4,-0.004614,-0.04061
"EN627",2019-02-05 07:50:19,2019-02-05 07:24:00,39.86272,-70.88267,"toi_niskin",31,1,5.155,5,-54.738,21.1996,18.5,-0.001749,-0.03909
"EN627",2019-02-05 07:51:00,2019-02-05 07:51:00,39.8628,-70.8826,"toi_underway",NA,NA,5,0,-54.364,21.208,23.2,0.001022,-0.04279
"EN627",2019-02-05 07:52:00,2019-02-05 07:52:00,39.8628,-70.8825,"toi_underway",NA,NA,5,0,-55.476,21.183,19.8,0.01821,-0.003068
"EN627",2019-02-05 08:55:48,2019-02-05 08:33:00,39.94612,-70.88096,"toi_niskin",32,1,5.196,5,-52.68,21.2457,26.7,-0.0149,-0.08039
"EN627",2019-02-05 10:06:39,2019-02-05 09:43:00,39.94046,-70.77374,"toi_niskin",33,1,4.928,5,-74.739,20.751,21.4,0.2066,0.3577
"EN627",2019-02-05 12:44:03,2019-02-05 12:32:00,40.10335,-70.8877,"toi_niskin",35,1,4.708,5,-60.074,21.0799,28.4,0.05499,0.05137
"EN627",2019-02-05 14:50:08,2019-02-05 14:38:00,40.23103,-70.8839,"toi_niskin",37,1,4.731,5,-64.893,20.9718,17.9,0.105,0.1682
"EN627",2019-02-05 16:09:28,2019-02-05 15:59:00,40.36462,-70.88888,"toi_niskin",38,1,5.871,5,-90.759,20.3917,17.4,0.3829,0.7059
"EN627",2019-02-05 19:14:12,2019-02-05 19:04:00,40.51343,-70.88582,"toi_niskin",40,4,2.551,5,-78.993,20.6556,19.5,0.2283,0.4033
"EN627",2019-02-05 21:24:58,2019-02-05 21:16:00,40.693,-70.87644,"toi_niskin",41,1,2.23,5,-63.929,20.9935,15.6,0.04199,0.05091
"EN627",2019-02-05 22:58:43,2019-02-05 22:51:00,40.85919,-70.88453,"toi_niskin",42,1,1.672,5,-65.232,20.9642,9.75,0.08498,0.1453
"EN627",2019-02-06 00:27:22,2019-02-06 00:21:00,41.02772,-70.88425,"toi_niskin",43,1,2.143,5,-62.248,21.0311,15.2,0.03316,0.03472
"EN627",2019-02-06 01:47:07,2019-02-06 01:42:00,41.19505,-70.88275,"toi_niskin",44,1,3.581,5,-74.061,20.7662,22,0.1299,0.2083
"EN627",2019-02-06 04:30:00,2019-02-06 04:30:00,41.3194,-70.573,"toi_underway",NA,NA,5,0,-76.107,20.7203,19.5,0.2053,0.3588
"EN627",2019-02-06 04:31:00,2019-02-06 04:31:00,41.3193,-70.5731,"toi_underway",NA,NA,5,0,-76.49,20.7117,26.9,0.2122,0.3578
"EN627",2019-02-06 04:31:05,2019-02-06 04:23:00,41.31926,-70.57312,"toi_niskin",45,11,2.139,5,-76.549,20.7104,14.4,0.1971,0.3528
"EN627",2019-02-06 04:31:05,2019-02-06 04:23:00,41.31926,-70.57312,"toi_niskin",45,11,2.139,5,-76.45,20.7126,14.8,0.2011,0.3598
"EN627",2019-02-06 06:54:00,2019-02-06 06:54:00,41.1807,-70.8939,"toi_underway",NA,NA,5,0,-72.308,20.8055,20.4,0.09796,0.1497
"AR34B",2019-04-15 01:50:12,2019-04-15 01:50:00,40.365,-70.7755,"toi_niskin",1,9,1.873,1.873,10.083,22.6533,59.9,-0.505,-1.09
"AR34B",2019-04-15 01:50:12,2019-04-15 01:50:00,40.365,-70.7755,"toi_niskin",1,9,1.873,1.873,10.452,22.6616,59,-0.5353,-1.147
"AR34B",2019-04-15 06:39:18,2019-04-15 06:39:00,40.8643333333333,-70.8826666666667,"toi_niskin",3,6,5.456,5.456,-102.98,20.1176,14.6,0.5203,0.977
"AR34B",2019-04-15 08:19:16,2019-04-15 08:19:00,41.0308333333333,-70.8813333333333,"toi_niskin",4,6,5.568,5.568,-77.848,20.6813,15.7,0.2529,0.4581
"AR34B",2019-04-15 09:56:48,2019-04-15 09:56:00,41.197,-70.8826666666667,"toi_niskin",5,3,5.328,5.328,-97.907,20.2314,20.3,0.4232,0.7784
"AR34B",2019-04-17 06:23:41,2019-04-17 06:23:00,40.5138333333333,-70.8823333333333,"toi_niskin",7,7,5.125,5.125,-108.92,19.9845,26.6,0.5631,1.036
"AR34B",2019-04-17 08:06:27,2019-04-17 08:06:00,40.3636666666667,-70.8838333333333,"toi_niskin",8,7,5.546,5.546,-48.58,21.3377,27.3,0.01158,-0.03041
"EN644",2019-08-20 19:10:32,2019-08-20 19:02:00,41.19684,-70.87932,"toi_niskin",1,1,17.847,18,-101.36,20.1539,122,-0.252,-0.7223
"EN644",2019-08-20 19:13:07,2019-08-20 19:02:00,41.19688,-70.8787,"toi_niskin",1,6,12.637,13,-34.741,21.6481,99.8,-0.2999,-0.7715
"EN644",2019-08-20 19:17:48,2019-08-20 19:02:00,41.19686,-70.87768,"toi_niskin",1,16,2.439,5,-34.385,21.656,77.8,-0.5926,-1.294
"EN644",2019-08-21 00:44:32,2019-08-21 00:35:00,41.02398,-70.87172,"toi_niskin",2,10,17.928,18,-180,18.3903,124,0.2598,0.2633
"EN644",2019-08-21 00:46:14,2019-08-21 00:35:00,41.02386,-70.87162,"toi_niskin",2,12,10.091,10,-71.287,20.8284,134,-0.5016,-1.227
"EN644",2019-08-21 00:48:00,2019-08-21 00:48:00,41.0237,-70.8716,"toi_underway",NA,NA,2,2,-28.754,21.7823,109,-0.7555,-1.667
"EN644",2019-08-21 00:48:09,2019-08-21 00:35:00,41.0237,-70.87156,"toi_niskin",2,14,1.708,5,-43.76,21.4458,104,-0.5819,-1.323
"EN644",2019-08-21 00:48:09,2019-08-21 00:35:00,41.0237,-70.87156,"toi_niskin",2,14,1.708,5,-44.576,21.4275,102,-0.5737,-1.304
"EN644",2019-08-21 00:50:00,2019-08-21 00:50:00,41.0236,-70.8715,"toi_underway",NA,NA,5,0,-28.775,21.7818,117,-0.7497,-1.671
"EN644",2019-08-21 02:02:00,2019-08-21 02:02:00,41.0305,-70.6581,"toi_underway",NA,NA,5,0,21.013,22.8985,76.9,-0.8522,-1.792
"EN644",2019-08-21 02:22:00,2019-08-21 02:22:00,41.0314,-70.7214,"toi_underway",NA,NA,5,0,-3.1501,22.3565,71.1,-0.6603,-1.411
"EN644",2019-08-21 02:36:00,2019-08-21 02:36:00,41.0287,-70.7703,"toi_underway",NA,NA,5,0,-13.132,22.1327,89.1,-0.5593,-1.251
"EN644",2019-08-21 03:21:00,2019-08-21 03:21:00,41.0327,-70.8228,"toi_underway",NA,NA,5,0,-46.448,21.3855,78,-0.3455,-0.8172
"EN644",2019-08-21 03:53:00,2019-08-21 03:53:00,41.0329,-70.9363,"toi_underway",NA,NA,5,0,-14.218,22.1083,55.4,-0.5313,-1.132
"EN644",2019-08-21 04:10:00,2019-08-21 04:10:00,41.0299,-70.9932,"toi_underway",NA,NA,5,0,13.622,22.7327,61.1,-0.779,-1.621
"EN644",2019-08-21 05:09:00,2019-08-21 05:09:00,41.0307,-71.0666,"toi_underway",NA,NA,5,0,1.9558,22.4711,63.2,-0.6675,-1.41
"EN644",2019-08-21 05:22:00,2019-08-21 05:22:00,41.0313,-71.1119,"toi_underway",NA,NA,5,0,0.5059,22.4385,60.1,-0.6794,-1.427
"EN644",2019-08-21 07:49:08,2019-08-21 07:38:00,40.8631,-70.87966,"toi_niskin",5,8,19.939,20,-116.79,19.8078,142,0.2982,0.3021
"EN644",2019-08-21 07:51:25,2019-08-21 07:38:00,40.86316,-70.87928,"toi_niskin",5,11,10.552,11,3.3325,22.5019,101,-0.7181,-1.58
"EN644",2019-08-21 07:53:37,2019-08-21 07:38:00,40.8632,-70.87892,"toi_niskin",5,14,2.679,2.5,-6.544,22.2804,64.7,-0.5854,-1.255
"EN644",2019-08-21 08:39:00,2019-08-21 08:39:00,40.8737,-70.8634,"toi_underway",NA,NA,5,0,-60.373,21.0732,76.3,-0.3692,-0.8598
"EN644",2019-08-21 13:24:00,2019-08-21 13:24:00,40.8418,-70.878,"toi_underway",NA,NA,5,0,-13.696,22.12,23.9,-0.4702,-0.9536
"EN644",2019-08-21 15:14:00,2019-08-21 15:14:00,40.6994,-70.8789,"toi_underway",NA,NA,5,0,32.435,23.1546,72.5,-0.888,-1.853
"EN644",2019-08-21 17:33:00,2019-08-21 17:33:00,40.5145,-70.8743,"toi_underway",NA,NA,5,0,-26.843,21.8252,61.4,-0.4235,-0.9359
"EN644",2019-08-21 19:19:00,2019-08-21 19:19:00,40.3673,-70.8748,"toi_underway",NA,NA,5,0,-25.282,21.8602,61.5,-0.4203,-0.9299
"EN644",2019-08-21 20:44:29,2019-08-21 20:27:00,40.35454,-70.874,"toi_niskin",7,8,23.795,24,-126.07,19.5997,140,-0.007971,-0.286
"EN644",2019-08-21 20:49:18,2019-08-21 20:27:00,40.35347,-70.8741,"toi_niskin",7,15,11.562,12,-19.16,21.9975,120,-0.4735,-1.146
"EN644",2019-08-21 20:51:25,2019-08-21 20:27:00,40.35264,-70.87438,"toi_niskin",7,19,2.114,2,-46.816,21.3772,54.1,-0.2272,-0.5432
"EN644",2019-08-22 04:55:00,2019-08-22 04:55:00,40.1132,-70.7777,"toi_underway",NA,NA,5,0,-84.26,20.5375,33.5,0.2289,0.3775
"EN644",2019-08-22 08:22:00,2019-08-22 08:22:00,40.0988,-70.6686,"toi_underway",NA,NA,5,0,-83.39,20.557,27.9,0.2159,0.3632
"EN644",2019-08-22 08:39:00,2019-08-22 08:39:00,40.0988,-70.7218,"toi_underway",NA,NA,5,0,-85.703,20.5051,18.8,0.2308,0.4096
"EN644",2019-08-22 08:56:00,2019-08-22 08:56:00,40.0976,-70.7709,"toi_underway",NA,NA,5,0,-84.415,20.534,34.2,0.2305,0.3791
"EN644",2019-08-22 09:44:00,2019-08-22 09:44:00,40.1002,-70.8222,"toi_underway",NA,NA,5,0,-85.246,20.5154,27.1,0.2472,0.4251
"EN644",2019-08-22 10:03:00,2019-08-22 10:03:00,40.0984,-70.8879,"toi_underway",NA,NA,5,0,-81.138,20.6075,27.3,0.2048,0.3428
"EN644",2019-08-22 10:18:00,2019-08-22 10:18:00,40.0979,-70.9395,"toi_underway",NA,NA,5,0,-76.234,20.7175,34.8,0.1528,0.2279
"EN644",2019-08-22 10:33:00,2019-08-22 10:33:00,40.0986,-70.9898,"toi_underway",NA,NA,5,0,-77.307,20.6934,30.1,0.1592,0.2493
"EN644",2019-08-22 11:18:00,2019-08-22 11:18:00,40.0977,-71.0503,"toi_underway",NA,NA,5,0,-63.707,20.9984,47.1,0.01738,-0.05733
"EN644",2019-08-22 11:37:00,2019-08-22 11:37:00,40.1006,-71.1116,"toi_underway",NA,NA,5,0,-62.524,21.025,49.8,0.02525,-0.04727
"EN644",2019-08-22 12:47:00,2019-08-22 12:47:00,40.0949,-70.8841,"toi_underway",NA,NA,5,0,-79.656,20.6407,25.9,0.19,0.317
"EN644",2019-08-22 13:15:15,2019-08-22 12:57:00,40.09044,-70.89137,"toi_niskin",12,9,45.818,44,-256.23,16.6807,115,0.8261,1.375
"EN644",2019-08-22 13:17:56,2019-08-22 12:57:00,40.09016,-70.89216,"toi_niskin",12,12,29.516,30,-56.785,21.1537,164,-0.4023,-1.093
"EN644",2019-08-22 13:25:16,2019-08-22 12:57:00,40.08858,-70.8955,"toi_niskin",12,17,2.237,2.4,-76.497,20.7116,28.1,0.1548,0.2448
"EN644",2019-08-22 13:37:00,2019-08-22 13:37:00,40.0854,-70.8996,"toi_underway",NA,NA,5,0,-79.644,20.641,27.8,0.1898,0.3129
"EN644",2019-08-22 16:23:00,2019-08-22 16:23:00,39.9981,-70.8846,"toi_underway",NA,NA,5,0,-52.022,21.2605,14.8,0.1033,0.171
"EN644",2019-08-22 16:32:00,2019-08-22 16:32:00,39.9762,-70.8838,"toi_underway",NA,NA,5,0,-86.649,20.4839,25.5,0.2626,0.458
"EN644",2019-08-22 17:22:41,2019-08-22 16:55:00,39.93478,-70.88518,"toi_niskin",13,8,53.518,53,-196.61,18.0178,138,0.296,0.3048
"EN644",2019-08-22 17:25:06,2019-08-22 16:55:00,39.93454,-70.88514,"toi_niskin",13,12,26.805,27,-33.62,21.6732,155,-0.3335,-0.9421
"EN644",2019-08-22 17:28:50,2019-08-22 16:55:00,39.93418,-70.88492,"toi_niskin",13,17,2.729,5,-83.05,20.5646,23.1,0.2175,0.3754
"EN644",2019-08-22 17:28:50,2019-08-22 16:55:00,39.93418,-70.88492,"toi_niskin",13,17,2.729,5,-84.224,20.5383,20.3,0.2343,0.4134
"EN644",2019-08-22 17:29:00,2019-08-22 17:29:00,39.9342,-70.8849,"toi_underway",NA,NA,5,0,-89.383,20.4226,17.9,0.2819,0.5101
"EN644",2019-08-22 18:59:00,2019-08-22 18:59:00,39.9399,-70.8523,"toi_underway",NA,NA,5,0,-87.14,20.4729,24.5,0.2584,0.4517
"EN644",2019-08-22 19:54:19,2019-08-22 19:34:00,39.92952,-70.77078,"toi_niskin",14,1,49.313,48,-244.32,16.9479,130,0.7494,1.196
"EN644",2019-08-22 19:56:49,2019-08-22 19:34:00,39.92906,-70.77025,"toi_niskin",14,3,26.148,26,-62.92,21.0161,156,-0.3317,-0.9413
"EN644",2019-08-22 19:59:03,2019-08-22 19:34:00,39.92861,-70.76985,"toi_niskin",14,5,2.349,5,-82.558,20.5757,35.4,0.229,0.3741
"EN644",2019-08-22 20:30:00,2019-08-22 20:30:00,39.8812,-70.7998,"toi_underway",NA,NA,5,0,-84.947,20.5221,28.3,0.231,0.3916
"EN644",2019-08-22 22:14:41,2019-08-22 21:59:00,39.76812,-70.77272,"toi_niskin",15,2,19.013,19,-74.092,20.7655,50.1,0.06213,0.02325
"EN644",2019-08-22 22:16:52,2019-08-22 21:59:00,39.76776,-70.7726,"toi_niskin",15,3,4.57,5,-83.167,20.562,19.8,0.2207,0.3879
"EN644",2019-08-22 22:18:00,2019-08-22 22:18:00,39.7676,-70.7725,"toi_underway",NA,NA,5,0,-86.758,20.4815,17.6,0.2585,0.4652
"EN644",2019-08-22 22:51:00,2019-08-22 22:51:00,39.7678,-70.8347,"toi_underway",NA,NA,5,0,-87.159,20.4725,28.8,0.265,0.4561
"EN644",2019-08-22 23:06:00,2019-08-22 23:06:00,39.7717,-70.8836,"toi_underway",NA,NA,5,0,-87.516,20.4645,27.5,0.2639,0.4565
"EN644",2019-08-22 23:22:00,2019-08-22 23:22:00,39.773,-70.9362,"toi_underway",NA,NA,5,0,-88.278,20.4474,34.2,0.2777,0.4704
"EN644",2019-08-23 01:51:06,2019-08-23 00:57:00,39.75832,-70.87754,"toi_niskin",17,9,52.341,52,-300.47,15.6885,109,1.361,2.421
"EN644",2019-08-23 01:53:50,2019-08-23 00:57:00,39.75778,-70.87726,"toi_niskin",17,13,20.129,20,-78.672,20.6628,41.8,0.1165,0.1443
"EN644",2019-08-23 01:56:46,2019-08-23 00:57:00,39.75754,-70.87641,"toi_niskin",17,24,2.594,5,-85.426,20.5113,25.6,0.2434,0.4207
"EN644",2019-08-23 13:51:00,2019-08-23 13:51:00,40.0124,-70.8801,"toi_underway",NA,NA,5,0,-250.1,16.8181,42.4,2.089,3.96
"EN644",2019-08-23 16:00:00,2019-08-23 16:00:00,40.1081,-70.8845,"toi_underway",NA,NA,5,0,-82.96,20.5666,17.4,0.2066,0.3655
"EN644",2019-08-23 16:00:00,2019-08-23 16:00:00,40.1081,-70.8845,"toi_underway",NA,NA,5,0,-74.048,20.7665,34,0.122,0.1699
"EN644",2019-08-23 18:01:00,2019-08-23 18:01:00,40.2201,-70.8799,"toi_underway",NA,NA,5,0,-32.496,21.6984,60.4,-0.3214,-0.737
"EN644",2019-08-23 18:28:00,2019-08-23 18:28:00,40.254,-70.8815,"toi_underway",NA,NA,5,0,-12.42,22.1486,66.9,-0.5001,-1.094
"EN644",2019-08-23 21:01:00,2019-08-23 21:01:00,40.3631,-70.6543,"toi_underway",NA,NA,5,0,-33.923,21.6664,60.8,-0.2727,-0.6437
"EN644",2019-08-23 21:31:00,2019-08-23 21:31:00,40.3623,-70.7242,"toi_underway",NA,NA,5,0,-32.18,21.7055,68.8,-0.2937,-0.6996
"EN644",2019-08-23 22:25:00,2019-08-23 22:25:00,40.3604,-70.8291,"toi_underway",NA,NA,5,0,-37.266,21.5914,65.7,-0.2858,-0.6785
"EN644",2019-08-23 22:38:00,2019-08-23 22:38:00,40.3603,-70.8771,"toi_underway",NA,NA,5,0,-42.681,21.47,49.8,-0.2564,-0.5911
"EN644",2019-08-23 22:53:00,2019-08-23 22:53:00,40.3613,-70.9322,"toi_underway",NA,NA,5,0,-50.694,21.2903,50.1,-0.1897,-0.4628
"EN644",2019-08-24 00:04:00,2019-08-24 00:04:00,40.3626,-71.1005,"toi_underway",NA,NA,5,0,-79.666,20.6405,38.6,0.12,0.1572
"EN644",2019-08-24 00:06:00,2019-08-24 00:06:00,40.3641,-71.1065,"toi_underway",NA,NA,5,0,-21.43,21.9466,62.6,-0.3936,-0.8804
"EN644",2019-08-24 01:35:30,2019-08-24 01:28:00,40.37024,-70.87512,"toi_niskin",21,1,20.678,20,-216.96,17.5615,116,1.093,1.888
"EN644",2019-08-24 01:38:04,2019-08-24 01:28:00,40.37067,-70.87512,"toi_niskin",21,3,13.103,13,-112.63,19.9013,139,0.3596,0.4269
"EN644",2019-08-24 01:40:05,2019-08-24 01:28:00,40.37096,-70.87518,"toi_niskin",21,5,2.461,5,-51.707,21.2676,49.2,-0.1724,-0.4278
"EN644",2019-08-24 03:03:05,2019-08-24 02:50:00,40.51448,-70.88374,"toi_niskin",22,7,30.202,30,-319.03,15.2723,96.8,2.554,4.756
"EN644",2019-08-24 03:06:33,2019-08-24 02:50:00,40.515,-70.88404,"toi_niskin",22,12,15.129,15,-154.22,18.9684,164,1.399,2.386
"EN644",2019-08-24 03:10:41,2019-08-24 02:50:00,40.51578,-70.88436,"toi_niskin",22,18,2.178,2,-37.792,21.5796,59.9,-0.2953,-0.6856
"EN644",2019-08-24 03:11:00,2019-08-24 03:11:00,40.5159,-70.8844,"toi_underway",NA,NA,5,0,-41.236,21.5024,62.8,-0.2655,-0.6336
"EN644",2019-08-24 05:21:02,2019-08-24 05:17:00,40.69754,-70.89788,"toi_niskin",23,1,61.78,62,-405.5,13.3329,48.2,2.819,5.365
"EN644",2019-08-24 05:25:57,2019-08-24 05:17:00,40.69784,-70.89917,"toi_niskin",23,4,29.87,30,-114.55,19.8582,163,0.5799,0.8063
"EN644",2019-08-24 05:28:51,2019-08-24 05:17:00,40.69798,-70.9,"toi_niskin",23,9,17.867,18,-24.641,21.8746,161,0.1233,-0.07338
"EN644",2019-08-24 05:31:50,2019-08-24 05:17:00,40.69797,-70.90083,"toi_niskin",23,12,11.904,12,0.93238,22.4481,108,-0.5551,-1.279
"EN644",2019-08-24 05:34:00,2019-08-24 05:34:00,40.698,-70.9015,"toi_underway",NA,NA,5,0,-28.665,21.7843,69.3,-0.3631,-0.8346
"EN644",2019-08-24 05:34:11,2019-08-24 05:17:00,40.69798,-70.90149,"toi_niskin",23,17,3.441,2,-20.445,21.9687,64.4,-0.4292,-0.9526
"EN644",2019-08-24 05:34:11,2019-08-24 05:17:00,40.69798,-70.90149,"toi_niskin",23,17,3.441,2,-23.537,21.8993,73,-0.3917,-0.8967
"EN644",2019-08-24 05:35:00,2019-08-24 05:35:00,40.698,-70.9018,"toi_underway",NA,NA,5,0,-24.816,21.8706,58.5,-0.3952,-0.8756
"EN644",2019-08-24 06:58:00,2019-08-24 06:58:00,40.6939,-70.6507,"toi_underway",NA,NA,5,0,-42.831,21.4666,50.5,-0.2484,-0.5769
"EN644",2019-08-24 07:23:00,2019-08-24 07:23:00,40.696,-70.7215,"toi_underway",NA,NA,5,0,-37.554,21.585,55.2,-0.2595,-0.6075
"EN644",2019-08-24 08:01:11,2019-08-24 07:55:00,40.69702,-70.77694,"toi_niskin",24,1,16.077,16,-146.24,19.1475,148,1.012,1.67
"EN644",2019-08-24 08:02:53,2019-08-24 07:55:00,40.69712,-70.77736,"toi_niskin",24,3,3.152,5,-229.85,17.2722,61.7,1.841,3.441
"EN644",2019-08-24 08:43:00,2019-08-24 08:43:00,40.7015,-70.8284,"toi_underway",NA,NA,5,0,-34.586,21.6515,62.9,-0.3031,-0.7065
"EN644",2019-08-24 09:08:00,2019-08-24 09:08:00,40.7003,-70.9016,"toi_underway",NA,NA,5,0,-30.815,21.7361,62.3,-0.3072,-0.7132
"EN644",2019-08-24 09:20:00,2019-08-24 09:20:00,40.6989,-70.9448,"toi_underway",NA,NA,5,0,-34.825,21.6462,49.2,-0.286,-0.6469
"EN644",2019-08-24 09:50:37,2019-08-24 09:43:00,40.69812,-70.9961,"toi_niskin",25,1,14.14,14,-30.617,21.7405,131,-0.1802,-0.6013
"EN644",2019-08-24 09:52:43,2019-08-24 09:43:00,40.6984,-70.99634,"toi_niskin",25,3,3.558,3,-40.554,21.5177,53.4,-0.1398,-0.3729
"EN644",2019-08-24 10:31:00,2019-08-24 10:31:00,40.697,-71.0553,"toi_underway",NA,NA,5,0,-56.386,21.1626,56.5,-0.06551,-0.2355
"EN644",2019-08-24 10:49:00,2019-08-24 10:49:00,40.6959,-71.102,"toi_underway",NA,NA,5,0,-213.15,17.6468,25.7,1.632,3.106
"EN644",2019-08-24 12:08:00,2019-08-24 12:08:00,40.6696,-70.8922,"toi_underway",NA,NA,5,0,-321.47,15.2175,62.7,2.872,5.439
"EN644",2019-08-24 13:38:00,2019-08-24 13:38:00,40.4158,-70.8932,"toi_underway",NA,NA,5,0,-157.36,18.8981,35.2,1.134,2.125
"EN644",2019-08-24 15:06:00,2019-08-24 15:06:00,40.4206,-70.8931,"toi_underway",NA,NA,5,0,-59.803,21.086,66.6,-0.02482,-0.1766
"EN644",2019-08-24 16:23:00,2019-08-24 16:23:00,40.5176,-70.8888,"toi_underway",NA,NA,5,0,-53.269,21.2325,59.3,-0.07507,-0.2593
"EN644",2019-08-24 18:03:00,2019-08-24 18:03:00,40.6439,-70.8791,"toi_underway",NA,NA,5,0,-12.504,22.1468,71.3,-0.4815,-1.067
"EN644",2019-08-24 19:32:00,2019-08-24 19:32:00,40.7596,-70.8764,"toi_underway",NA,NA,5,0,-257.67,16.6485,61.7,2.08,3.904
"EN644",2019-08-24 20:55:00,2019-08-24 20:55:00,40.8641,-70.8783,"toi_underway",NA,NA,5,0,-36.281,21.6135,58.2,-0.364,-0.815
"EN644",2019-08-24 21:36:00,2019-08-24 21:36:00,40.9127,-70.8771,"toi_underway",NA,NA,5,0,-291.37,15.8926,77.5,2.179,4.067
"EN644",2019-08-24 22:38:00,2019-08-24 22:38:00,40.9877,-70.8816,"toi_underway",NA,NA,5,0,-298.08,15.7421,64.3,2.142,4.019
"EN644",2019-08-24 23:15:00,2019-08-24 23:15:00,41.0302,-70.8819,"toi_underway",NA,NA,5,0,-9.7063,22.2095,78.5,-0.607,-1.323
"EN644",2019-08-25 01:50:00,2019-08-25 01:50:00,41.1725,-70.8834,"toi_underway",NA,NA,5,0,-42.469,21.4747,58.8,-0.4554,-0.9923
"EN644",2019-08-25 04:26:07,2019-08-25 04:24:00,41.3182,-70.58512,"toi_niskin",29,1,15.244,15,-86.97,20.4767,94.5,-0.5088,-1.164
"EN644",2019-08-25 04:29:19,2019-08-25 04:24:00,41.31872,-70.58607,"toi_niskin",29,7,3.884,4,-59.16,21.1004,86.7,-0.556,-1.24
