"cruise","datetime_utc","datetime_utc_matlab","latitude_API","longitude_API","toi_source","cast","niskin","depth","depth_matlab","O2_Ar_delta","O2_Ar_ratio","cap_Delta_17O","d17O","d18O","iode_quality_flag"
"AR39B",2019-10-05 22:38:41,2019-10-05 22:34:00,41.1955,-70.8846666666667,"toi_niskin","001",1,19.266,19.266,-226.57,17.3459,46.1,0.9509,1.749,"1"
"AR39B",2019-10-05 22:41:11,2019-10-05 22:34:00,41.1955,-70.8846666666667,"toi_niskin","001",3,2.238,2.2385,-131.88,19.4695,41.9,0.3061,0.5102,"1"
"AR39B",2019-10-05 23:18:00,2019-10-05 23:18:00,NA,NA,"toi_underway",NA,NA,0,0,-130.48,19.5009,347,0.5966,0.4828,"1"
"AR39B",2019-10-06 00:18:27,2019-10-06 00:11:00,41.03,-70.8826666666667,"toi_niskin","002",3,30.192,30.192,-368.25,14.1685,68.6,2.327,4.371,"1"
"AR39B",2019-10-06 00:23:19,2019-10-06 00:11:00,41.03,-70.8826666666667,"toi_niskin","002",10,2.466,2.4657,-113.66,19.8781,43.6,0.125,0.1572,"1"
"AR39B",2019-10-06 02:02:29,2019-10-06 01:55:00,40.8633333333333,-70.8826666666667,"toi_niskin","003",3,27.502,27.502,-341.42,14.7702,79.8,2.177,4.057,"1"
"AR39B",2019-10-06 02:06:28,2019-10-06 01:55:00,40.8633333333333,-70.8826666666667,"toi_niskin","003",6,2.821,2.821,-96.675,20.259,42.5,0.2156,0.3343,"1"
"AR39B",2019-10-06 03:41:52,2019-10-06 03:34:00,40.6971666666667,-70.884,"toi_niskin","004",3,47.318,47.318,-338.58,14.8337,101,2.375,4.401,"1"
"AR39B",2019-10-06 03:49:39,2019-10-06 03:34:00,40.6971666666667,-70.884,"toi_niskin","004",11,2.364,2.3636,-94.357,20.311,29.4,0.2482,0.4225,"1"
"AR39B",2019-10-06 05:44:37,2019-10-06 05:34:00,40.5141666666667,-70.8836666666667,"toi_niskin","005",4,37.256,37.256,-133.84,19.4256,77.2,0.4869,0.7914,"1"
"AR39B",2019-10-06 05:50:01,2019-10-06 05:34:00,40.5141666666667,-70.8836666666667,"toi_niskin","005",7,2.514,2.5145,-89.564,20.4185,28.4,0.2305,0.3903,"1"
"AR39B",2019-10-06 14:32:14,2019-10-06 14:23:00,40.3633333333333,-70.8833333333333,"toi_niskin","006",9,41.789,41.789,-245.92,16.912,89.2,1.308,2.357,"1"
"AR39B",2019-10-06 14:36:57,2019-10-06 14:23:00,40.3633333333333,-70.8833333333333,"toi_niskin","006",20,7.707,7.7071,-96.587,20.261,35.7,0.3013,0.5129,"1"
"AR39B",2019-10-06 18:57:40,2019-10-06 18:47:00,40.365,-70.7748333333333,"toi_niskin","007",7,33.81,33.81,-92.292,20.3573,40.9,0.2594,0.422,"1"
"AR39B",2019-10-06 19:00:00,2019-10-06 19:00:00,NA,NA,"toi_underway",NA,NA,0,0,-93.403,20.3324,178,0.4197,0.4664,"1"
"AR39B",2019-10-06 19:00:04,2019-10-06 18:47:00,40.365,-70.7748333333333,"toi_niskin","007",10,7.845,7.845,-90.171,20.4049,38.9,0.2342,0.3773,"1"
"AR39B",2019-10-07 14:14:37,2019-10-07 14:03:00,40.1378333333333,-70.775,"toi_niskin","010",7,67.927,67.927,-271.54,16.3374,99.3,1.503,2.713,"1"
"AR39B",2019-10-07 14:16:11,2019-10-07 14:03:00,40.1378333333333,-70.775,"toi_niskin","010",10,55.714,55.714,-95.235,20.2913,39.3,0.2472,0.4017,"1"
"AR39B",2019-10-07 14:16:11,2019-10-07 14:03:00,40.1378333333333,-70.775,"toi_niskin","010",10,55.714,55.714,-95.625,20.2826,34.9,0.252,0.4193,"1"
"AR39B",2019-10-07 14:21:00,2019-10-07 14:21:00,NA,NA,"toi_underway",NA,NA,0,0,-95.594,20.2833,86.3,0.2956,0.4042,"1"
"AR39B",2019-10-07 14:22:00,2019-10-07 14:22:00,NA,NA,"toi_underway",NA,NA,0,0,-97.049,20.2507,101,0.3351,0.452,"1"
"AR39B",2019-10-07 18:53:28,2019-10-07 18:43:00,40.2266666666667,-70.883,"toi_niskin","011",7,57.079,57.079,-205.9,17.8095,84.5,0.9909,1.752,"1"
"AR39B",2019-10-07 18:59:00,2019-10-07 18:59:00,NA,NA,"toi_underway",NA,NA,0,0,-89.959,20.4097,92.5,0.2697,0.3422,"1"
"AR39B",2019-10-07 18:59:09,2019-10-07 18:43:00,40.2266666666667,-70.883,"toi_niskin","011",15,8.808,8.8076,-89.051,20.43,34.1,0.19,0.3011,"1"
"AR39B",2019-10-08 02:42:10,2019-10-08 02:30:00,40.0951666666667,-70.888,"toi_niskin","012",8,66.531,66.531,-303.05,15.6306,105,1.855,3.384,"1"
"AR39B",2019-10-08 02:46:31,2019-10-08 02:30:00,40.0951666666667,-70.888,"toi_niskin","012",14,8.445,8.4446,-91.684,20.371,39.2,0.217,0.3434,"1"
"AR39B",2019-10-08 02:46:31,2019-10-08 02:30:00,40.0951666666667,-70.888,"toi_niskin","012",14,8.445,8.4446,-92.252,20.3582,28.3,0.2207,0.3717,"1"
"AR39B",2019-10-08 02:47:00,2019-10-08 02:47:00,NA,NA,"toi_underway",NA,NA,0,0,-93.884,20.3216,70.3,0.291,0.4264,"1"
"AR39B",2019-10-08 02:48:00,2019-10-08 02:48:00,NA,NA,"toi_underway",NA,NA,0,0,-93.611,20.3278,72.3,0.2744,0.3902,"1"
"AR39B",2019-10-08 06:14:56,2019-10-08 05:42:00,39.7735,-70.8843333333333,"toi_niskin","013",10,50.397,50.397,-123.8,19.6507,45,0.4887,0.8572,"1"
"AR39B",2019-10-08 06:21:00,2019-10-08 06:21:00,NA,NA,"toi_underway",NA,NA,0,0,-95.459,20.2863,55.5,0.3219,0.5145,"1"
"AR39B",2019-10-08 06:23:06,2019-10-08 05:42:00,39.7735,-70.8843333333333,"toi_niskin","013",18,5.705,5.705,-92.962,20.3423,26.8,0.2599,0.4501,"1"
"AR39B",2019-10-08 20:03:30,2019-10-08 19:29:00,39.9398333333333,-70.8823333333333,"toi_niskin","014",8,21.928,21.928,-96.089,20.2722,31.4,0.2849,0.4895,"1"
"AR39B",2019-10-08 20:05:53,2019-10-08 19:29:00,39.9398333333333,-70.8823333333333,"toi_niskin","014",10,3.519,3.5188,-96.527,20.2624,28.6,0.2845,0.4942,"1"
"AR39B",2019-10-08 20:05:53,2019-10-08 19:29:00,39.9398333333333,-70.8823333333333,"toi_niskin","014",10,3.519,3.5188,-96.998,20.2518,19.7,0.2893,0.5207,"1"
"AR39B",2019-10-08 20:07:00,2019-10-08 20:07:00,NA,NA,"toi_underway",NA,NA,0,0,-96.711,20.2582,65.9,0.3352,0.5202,"1"
"AR39B",2019-10-08 20:08:00,2019-10-08 20:08:00,NA,NA,"toi_underway",NA,NA,0,0,-97.282,20.2454,76.7,0.3445,0.5172,"1"
"AR39B",2019-10-09 13:19:00,2019-10-09 13:19:00,NA,NA,"toi_underway",NA,NA,0,0,-117.23,19.7981,66.6,0.1968,0.2515,"1"
"EN649",2020-02-02 04:00:00,2020-02-02 04:00:00,NA,NA,"toi_underway",NA,NA,0,0,-88.392,20.4448,15.5,0.2537,0.4601,"1"
"EN649",2020-02-02 04:58:00,2020-02-02 04:58:00,NA,NA,"toi_underway",NA,NA,0,0,-83.669,20.5507,17.9,0.2139,0.3786,"1"
"EN649",2020-02-02 05:45:00,2020-02-02 05:45:00,NA,NA,"toi_underway",NA,NA,0,0,-86.999,20.4761,16.4,0.2308,0.4141,"1"
"EN649",2020-02-02 06:33:00,2020-02-02 06:33:00,NA,NA,"toi_underway",NA,NA,0,0,-60.999,21.0592,27.1,0.006445,-0.03989,"1"
"EN649",2020-02-02 07:14:00,2020-02-02 07:14:00,NA,NA,"toi_underway",NA,NA,0,0,-69.379,20.8712,19.6,0.04941,0.05754,"1"
"EN649",2020-02-02 08:34:00,2020-02-02 08:34:00,NA,NA,"toi_underway",NA,NA,0,0,-82.953,20.5668,14.5,0.2047,0.3674,"1"
"EN649",2020-02-02 08:49:06,2020-02-02 08:49:00,41.0301,-70.88538,"toi_niskin","005",14,3.616,3.616,-81.98,20.5886,20.5,0.2053,0.3571,"1"
"EN649",2020-02-02 08:49:06,2020-02-02 08:49:00,41.0301,-70.88538,"toi_niskin","005",14,3.616,3.698,-81.688,20.5952,10.3,0.1964,0.3595,"1"
"EN649",2020-02-02 08:52:00,2020-02-02 08:52:00,NA,NA,"toi_underway",NA,NA,0,0,-82.809,20.57,16.5,0.2115,0.3765,"1"
"EN649",2020-02-02 12:16:44,2020-02-02 12:16:00,40.863,-70.88566,"toi_niskin","006",4,29.979,29.979,-100.2,20.18,23.3,0.3981,0.7238,"1"
"EN649",2020-02-02 12:22:40,2020-02-02 12:22:00,40.86254,-70.88596,"toi_niskin","006",10,3.677,3.677,-99.276,20.2007,24.7,0.3801,0.6866,"1"
"EN649",2020-02-02 22:29:28,2020-02-02 18:07:00,40.22405,-70.88358,"toi_niskin","007",1,123.083,18.178,-67.577,20.9116,28.5,0.04404,0.03011,"3"
"EN649",2020-02-02 22:29:39,2020-02-02 23:02:00,40.22404,-70.88364,"toi_niskin","007",2,123.341,14.665,-94.547,20.3068,11.1,0.2915,0.5415,"3"
"EN649",2020-02-02 22:32:44,2020-02-02 23:04:00,40.22382,-70.88476,"toi_niskin","007",4,106.842,8.183,-72.538,20.8004,25.4,0.1107,0.1647,"3"
"EN649",2020-02-02 22:35:42,2020-02-02 22:35:00,40.22352,-70.88592,"toi_niskin","007",5,95.087,95.087,-128.26,19.5506,10.1,0.5664,1.075,"1"
"EN649",2020-02-02 22:35:42,2020-02-02 23:04:00,40.22352,-70.88592,"toi_niskin","007",5,95.087,8.184,-93.044,20.3405,17.4,0.2846,0.5161,"3"
"EN649",2020-02-02 22:35:49,2020-02-02 18:14:00,40.22352,-70.88598,"toi_niskin","007",6,95.137,10.062,-66.574,20.9341,24.1,0.03304,0.01722,"3"
"EN649",2020-02-02 22:38:46,2020-02-02 23:07:00,40.22326,-70.88726,"toi_niskin","007",8,70.603,3.042,-72.595,20.7991,22.1,0.1003,0.1511,"3"
"EN649",2020-02-02 22:42:12,2020-02-02 22:42:00,40.22294,-70.88846,"toi_niskin","007",10,50.55,50.55,-102.78,20.1222,4.09,0.3638,0.6948,"1"
"EN649",2020-02-02 22:42:27,2020-02-02 18:17:00,40.2229,-70.88852,"toi_niskin","007",12,50.473,3.612,-65.154,20.966,23.3,-0.002551,-0.04993,"3"
"EN649",2020-02-02 22:49:09,2020-02-02 22:49:00,40.22217,-70.8908,"toi_niskin","007",15,5.2,5.2,-96.19,20.2699,18.7,0.3359,0.6127,"1"
"EN649",2020-02-03 00:59:16,2020-02-03 00:59:00,40.13086,-70.7909,"toi_niskin","008",1,126.95,126.95,-255.02,16.7079,2.45,1.336,2.579,"1"
"EN649",2020-02-03 01:07:55,2020-02-03 01:07:00,40.12857,-70.79526,"toi_niskin","008",3,87.905,87.905,-173.6,18.5339,1.97,0.8229,1.586,"1"
"EN649",2020-02-03 01:11:21,2020-02-03 01:11:00,40.12792,-70.7966,"toi_niskin","008",5,71.202,71.202,-160.83,18.8202,7.44,0.7654,1.465,"1"
"EN649",2020-02-03 01:14:54,2020-02-03 01:14:00,40.127,-70.79805,"toi_niskin","008",9,50.095,50.095,-160.94,18.8177,12.8,0.7649,1.453,"1"
"EN649",2020-02-03 01:17:18,2020-02-03 01:17:00,40.12654,-70.79898,"toi_niskin","008",11,29.009,29.009,-94.586,20.3059,18.5,0.3121,0.567,"1"
"EN649",2020-02-03 01:22:00,2020-02-03 01:22:00,NA,NA,"toi_underway",NA,NA,0,0,-92.738,20.3473,14.8,0.287,0.5258,"1"
"EN649",2020-02-03 01:22:10,2020-02-03 01:21:00,40.12516,-70.80094,"toi_niskin","008",24,4.302,4.286,-92.338,20.3563,14.2,0.2904,0.5335,"1"
"EN649",2020-02-03 01:22:10,2020-02-03 01:22:00,40.12516,-70.80094,"toi_niskin","008",24,4.302,4.302,-91.978,20.3644,17.5,0.2873,0.5211,"1"
"EN649",2020-02-03 01:24:00,2020-02-03 01:24:00,NA,NA,"toi_underway",NA,NA,0,0,-93.147,20.3382,14.2,0.2968,0.5459,"1"
"EN649",2020-02-03 03:39:00,2020-02-03 03:39:00,NA,NA,"toi_underway",NA,NA,0,0,-95.859,20.2774,9.18,0.3137,0.5883,"1"
"EN649",2020-02-03 04:40:00,2020-02-03 04:40:00,NA,NA,"toi_underway",NA,NA,0,0,-89.077,20.4295,11.1,0.2673,0.4949,"1"
"EN649",2020-02-03 05:18:00,2020-02-03 05:18:00,NA,NA,"toi_underway",NA,NA,0,0,-93.575,20.3286,10.8,0.301,0.5606,"1"
"EN649",2020-02-03 06:08:00,2020-02-03 06:08:00,NA,NA,"toi_underway",NA,NA,0,0,-95.382,20.2881,16.3,0.3178,0.5823,"1"
"EN649",2020-02-03 06:54:00,2020-02-03 06:54:00,NA,NA,"toi_underway",NA,NA,0,0,-97.702,20.236,17.7,0.337,0.6166,"1"
"EN649",2020-02-03 09:05:32,2020-02-03 09:05:00,40.09318,-70.90416,"toi_niskin","011",10,54.868,54.868,-156.82,18.9101,11.7,0.7309,1.39,"1"
"EN649",2020-02-03 09:08:27,2020-02-03 09:08:00,40.09286,-70.9062,"toi_niskin","011",12,28.909,28.909,-121.19,19.7092,18.2,0.4747,0.8821,"1"
"EN649",2020-02-03 09:13:44,2020-02-03 09:13:00,40.09214,-70.90984,"toi_niskin","011",17,4.538,4.538,-92.945,20.3427,8.37,0.2989,0.5612,"1"
"EN649",2020-02-03 17:38:25,2020-02-03 17:38:00,39.93869,-70.89718,"toi_niskin","012",9,44.88,44.88,-126.8,19.5835,8.2,0.4829,0.9171,"1"
"EN649",2020-02-03 17:40:41,2020-02-03 17:40:00,39.93828,-70.89811,"toi_niskin","012",13,29.11,29.11,-125.38,19.6154,24.5,0.4838,0.8873,"1"
"EN649",2020-02-03 17:45:13,2020-02-03 17:45:00,39.93801,-70.9002,"toi_niskin","012",18,5.082,5.082,-125.38,19.6153,14.1,0.4787,0.8975,"1"
"EN649",2020-02-04 07:17:00,2020-02-04 07:17:00,NA,NA,"toi_underway",NA,NA,0,0,-99.298,20.2002,16.4,0.3022,0.552,"1"
"EN649",2020-02-04 08:28:46,2020-02-04 08:28:00,39.77526,-70.97936,"toi_niskin","014",2,16.876,16.876,-113.34,19.8852,13.4,0.3809,0.7099,"1"
"EN649",2020-02-04 08:31:17,2020-02-04 08:31:00,39.77528,-70.97844,"toi_niskin","014",4,3.822,3.822,-98.822,20.2109,13.3,0.276,0.5076,"1"
"EN649",2020-02-04 09:09:00,2020-02-04 09:09:00,NA,NA,"toi_underway",NA,NA,0,0,-131.82,19.4709,15.8,0.5096,0.954,"1"
"EN649",2020-02-04 10:14:00,2020-02-04 10:14:00,NA,NA,"toi_underway",NA,NA,0,0,-107.9,20.0073,19.1,0.3762,0.6898,"1"
"EN649",2020-02-04 11:02:00,2020-02-04 11:02:00,NA,NA,"toi_underway",NA,NA,0,0,-131.36,19.4812,18.5,0.5423,1.012,"1"
"EN649",2020-02-04 12:54:10,2020-02-04 12:54:00,39.77152,-70.88334,"toi_niskin","016",12,34.659,34.659,-135.77,19.3822,13.3,0.5307,0.9995,"1"
"EN649",2020-02-04 12:57:31,2020-02-04 12:57:00,39.77144,-70.88389,"toi_niskin","016",16,13.607,13.607,-131.28,19.483,24.1,0.5266,0.9709,"1"
"EN649",2020-02-04 13:00:34,2020-02-04 13:00:00,39.77133,-70.88436,"toi_niskin","016",20,3.577,3.577,-115.23,19.843,2.3,0.3928,0.7543,"1"
"EN649",2020-02-04 13:00:34,2020-02-04 13:00:00,39.77133,-70.88436,"toi_niskin","016",20,3.577,3.746,-115.25,19.8424,6.5,0.4039,0.7676,"1"
"EN649",2020-02-04 13:02:00,2020-02-04 13:02:00,NA,NA,"toi_underway",NA,NA,0,0,-114.72,19.8544,17.5,0.4029,0.7445,"1"
"EN649",2020-02-04 16:31:00,2020-02-04 16:31:00,NA,NA,"toi_underway",NA,NA,0,0,-112.21,19.9107,11.8,0.3828,0.7165,"1"
"EN649",2020-02-04 18:39:00,2020-02-04 18:39:00,NA,NA,"toi_underway",NA,NA,0,0,-87.915,20.4555,22.5,0.2466,0.4328,"1"
"EN649",2020-02-04 20:03:00,2020-02-04 20:03:00,NA,NA,"toi_underway",NA,NA,0,0,-87.421,20.4666,18.5,0.2525,0.452,"1"
"EN649",2020-02-04 23:08:00,2020-02-04 23:08:00,NA,NA,"toi_underway",NA,NA,0,0,-91.759,20.3693,16.4,0.3048,0.557,"1"
"EN649",2020-02-05 00:10:12,2020-02-05 00:10:00,40.3602,-70.77252,"toi_niskin","017",1,20.252,20.252,-92.401,20.3549,17.7,0.3252,0.594,"1"
"EN649",2020-02-05 00:58:00,2020-02-05 00:58:00,NA,NA,"toi_underway",NA,NA,0,0,-79.812,20.6372,17.9,0.2111,0.3731,"1"
"EN649",2020-02-05 01:47:00,2020-02-05 01:47:00,NA,NA,"toi_underway",NA,NA,0,0,-80.66,20.6182,25.7,0.2299,0.3944,"1"
"EN649",2020-02-05 03:58:04,2020-02-05 03:58:00,40.34964,-70.88292,"toi_niskin","019",7,34.966,34.966,-98.918,20.2087,14.7,0.3731,0.6922,"1"
"EN649",2020-02-05 04:00:52,2020-02-05 04:00:00,40.34908,-70.88298,"toi_niskin","019",12,14.774,14.774,-83.684,20.5504,11.1,0.2395,0.4412,"1"
"EN649",2020-02-05 04:03:25,2020-02-05 04:03:00,40.3486,-70.88294,"toi_niskin","019",17,3.784,3.784,-82.226,20.5831,15.1,0.2296,0.4144,"1"
"EN649",2020-02-05 06:41:00,2020-02-05 06:41:00,NA,NA,"toi_underway",NA,NA,0,0,-77.448,20.6902,18,0.1676,0.289,"1"
"EN649",2020-02-05 07:14:14,2020-02-05 07:14:00,40.50964,-70.8789,"toi_niskin","020",5,60.356,60.356,-84.811,20.5251,19.7,0.2575,0.4593,"1"
"EN649",2020-02-05 07:17:01,2020-02-05 07:17:00,40.50964,-70.87844,"toi_niskin","020",9,44.743,44.743,-84.31,20.5364,19.6,0.2512,0.4474,"1"
"EN649",2020-02-05 07:24:16,2020-02-05 07:24:00,40.50928,-70.8781,"toi_niskin","020",16,3.986,3.986,-77.067,20.6988,20.1,0.1806,0.31,"1"
"EN649",2020-02-05 10:07:36,2020-02-05 10:07:00,40.69802,-70.88312,"toi_niskin","021",2,60.696,60.696,-93.427,20.3319,25.6,0.3128,0.5548,"1"
"EN649",2020-02-05 10:12:52,2020-02-05 10:12:00,40.69952,-70.8829,"toi_niskin","021",6,37.681,37.681,-87.176,20.4721,16.4,0.2307,0.4138,"1"
"EN649",2020-02-05 10:16:21,2020-02-05 10:16:00,40.70027,-70.88314,"toi_niskin","021",10,25.051,25.051,-85.646,20.5064,25.9,0.2117,0.3588,"1"
"EN649",2020-02-05 10:22:52,2020-02-05 10:22:00,40.70126,-70.8835,"toi_niskin","021",21,3.075,3.075,-92.576,20.351,21.4,0.2301,0.4031,"1"
"EN649",2020-02-05 10:22:52,2020-02-05 10:23:00,40.70126,-70.8835,"toi_niskin","021",21,3.075,2.921,-93.034,20.3407,24.9,0.3094,0.5496,"1"
"EN649",2020-02-05 10:25:00,2020-02-05 10:25:00,NA,NA,"toi_underway",NA,NA,0,0,-94.298,20.3124,34.7,0.3349,0.5798,"1"
"EN649",2020-02-05 10:27:00,2020-02-05 10:27:00,NA,NA,"toi_underway",NA,NA,0,0,-94.345,20.3113,20.5,0.3278,0.5937,"1"
"EN649",2020-02-05 12:08:00,2020-02-05 12:08:00,NA,NA,"toi_underway",NA,NA,0,0,-92.821,20.3455,25.2,0.3121,0.5541,"1"
"EN649",2020-02-05 14:23:00,2020-02-05 14:23:00,NA,NA,"toi_underway",NA,NA,0,0,-85.309,20.514,22.4,0.2381,0.4166,"1"
"EN649",2020-02-05 15:05:00,2020-02-05 15:05:00,NA,NA,"toi_underway",NA,NA,0,0,-83.691,20.5502,25.5,0.2523,0.4382,"1"
"EN649",2020-02-05 16:14:00,2020-02-05 16:14:00,NA,NA,"toi_underway",NA,NA,0,0,-94.845,20.3001,21.2,0.3231,0.583,"1"
"EN649",2020-02-06 02:52:16,2020-02-06 02:52:00,39.94616,-70.888,"toi_niskin","026",5,4.268,4.268,-124.79,19.6285,19.5,0.4625,0.8559,"1"
"EN649",2020-02-06 03:50:02,2020-02-06 03:50:00,40.02008,-70.88461,"toi_niskin","027",1,25.293,25.293,-140.37,19.2791,13.6,0.5712,1.077,"1"
"EN649",2020-02-06 03:52:11,2020-02-06 03:52:00,40.02038,-70.88512,"toi_niskin","027",3,3.431,3.431,-103.7,20.1016,19.3,0.3343,0.6084,"1"
"EN649",2020-02-06 04:53:45,2020-02-06 04:53:00,40.10294,-70.8857,"toi_niskin","028",6,29.675,29.675,-146.17,19.149,5.68,0.6792,1.301,"1"
"EN649",2020-02-06 04:56:03,2020-02-06 04:56:00,40.10322,-70.8861,"toi_niskin","028",7,4.137,4.137,-98.68,20.2141,18.7,0.3308,0.6029,"1"
"EN649",2020-02-06 07:09:00,2020-02-06 07:09:00,NA,NA,"toi_underway",NA,NA,0,0,-84.47,20.5328,16.1,0.2615,0.474,"1"
"EN649",2020-02-06 08:04:00,2020-02-06 08:04:00,NA,NA,"toi_underway",NA,NA,0,0,-84.704,20.5275,19.5,0.2634,0.471,"1"
"EN649",2020-02-06 10:06:00,2020-02-06 10:06:00,NA,NA,"toi_underway",NA,NA,0,0,-101.02,20.1616,20.8,0.3916,0.7162,"1"
"EN655",2020-07-25 14:10:00,2020-07-25 14:10:00,NA,NA,"toi_underway",NA,NA,0,0,-69.943,20.8586,54.9,0.1541,0.1786,"1"
"EN655",2020-07-25 14:12:00,2020-07-25 14:12:00,NA,NA,"toi_underway",NA,NA,0,0,-61.694,21.0436,60.3,0.06799,-0.0009947,"1"
"EN655",2020-07-25 15:50:44,2020-07-25 03:50:00,41.2032,-70.88038,"toi_niskin","001",1,18.382,18.382,-105.98,20.0505,123,-0.09177,-0.422,"3"
"EN655",2020-07-25 15:53:38,2020-07-25 03:53:00,41.2026,-70.88024,"toi_niskin","001",6,12.377,12.377,-99.574,20.194,117,-0.1342,-0.5049,"3"
"EN655",2020-07-25 15:53:56,2020-07-25 09:50:00,41.20254,-70.88024,"toi_niskin","001",8,12.745,14.916,22.855,22.9398,146,-0.6313,-1.513,"3"
"EN655",2020-07-25 15:55:56,2020-07-25 09:56:00,41.20236,-70.8803,"toi_niskin","001",14,7.3,1.913,-60.92,21.0609,48.2,0.03213,-0.02321,"3"
"EN655",2020-07-25 15:57:35,2020-07-25 15:57:00,41.2024,-70.8804,"toi_niskin","001",15,2.193,2.193,-64.429,20.9822,60,-0.01372,-0.1576,"1"
"EN655",2020-07-25 18:03:12,2020-07-25 18:03:00,41.03038,-70.87818,"toi_niskin","002",3,30.499,30.499,-179.98,18.3908,121,0.4653,0.6477,"1"
"EN655",2020-07-25 18:07:39,2020-07-25 18:07:00,41.03038,-70.87754,"toi_niskin","002",12,13.431,13.431,-76.939,20.7017,133,-0.5538,-1.347,"1"
"EN655",2020-07-25 18:09:37,2020-07-25 18:09:00,41.0304,-70.877,"toi_niskin","002",14,2.276,2.276,-46.201,21.391,66.3,-0.06643,-0.274,"1"
"EN655",2020-07-25 18:09:37,2020-07-25 18:09:00,41.0304,-70.877,"toi_niskin","002",14,2.276,2.276,-43.993,21.4405,72.2,-0.08405,-0.3217,"1"
"EN655",2020-07-25 21:12:00,2020-07-25 21:12:00,NA,NA,"toi_underway",NA,NA,0,0,-62.079,21.0349,54,-0.00222,-0.1152,"1"
"EN655",2020-07-25 21:36:00,2020-07-25 21:36:00,NA,NA,"toi_underway",NA,NA,0,0,-64.051,20.9907,45.5,0.03221,-0.04088,"1"
"EN655",2020-07-25 21:52:03,2020-07-25 21:52:00,40.85523,-70.88188,"toi_niskin","003",11,9.818,9.818,17.779,22.8259,150,-0.6584,-1.587,"1"
"EN655",2020-07-25 22:42:00,2020-07-25 22:42:00,NA,NA,"toi_underway",NA,NA,0,0,-66.551,20.9346,60.3,0.08378,0.04025,"1"
"EN655",2020-07-25 22:56:00,2020-07-25 22:56:00,NA,NA,"toi_underway",NA,NA,0,0,-66.029,20.9464,40.4,0.05493,0.02112,"1"
"EN655",2020-07-25 23:11:00,2020-07-25 23:11:00,NA,NA,"toi_underway",NA,NA,0,0,-64.637,20.9776,53.8,0.004597,-0.09549,"1"
"EN655",2020-07-25 23:28:00,2020-07-25 23:28:00,NA,NA,"toi_underway",NA,NA,0,0,-53.675,21.2234,61.9,-0.1407,-0.3928,"1"
"EN655",2020-07-26 00:27:00,2020-07-26 00:27:00,NA,NA,"toi_underway",NA,NA,0,0,-55.731,21.1773,63.8,-0.1114,-0.3331,"1"
"EN655",2020-07-26 02:08:39,2020-07-26 02:08:00,41.06782,-70.77018,"toi_niskin","004",1,9.033,9.033,-21.021,21.9558,126,-0.7561,-1.721,"1"
"EN655",2020-07-26 02:08:39,2020-07-26 02:30:00,41.06782,-70.77018,"toi_niskin","004",1,9.033,13.305,-39.005,21.5524,80.2,-0.05385,-0.2686,"1"
"EN655",2020-07-26 02:09:04,2020-07-26 02:09:00,41.0678,-70.77016,"toi_niskin","004",2,8.99,8.99,-19.708,21.9852,119,-0.758,-1.713,"1"
"EN655",2020-07-26 02:10:46,2020-07-26 02:10:00,41.06768,-70.76996,"toi_niskin","004",4,2.591,2.591,-54.729,21.1998,64,-0.05276,-0.232,"1"
"EN655",2020-07-26 07:32:00,2020-07-26 07:32:00,NA,NA,"toi_underway",NA,NA,0,0,-67.979,20.9026,47.5,0.08602,0.0632,"1"
"EN655",2020-07-26 07:34:00,2020-07-26 07:34:00,NA,NA,"toi_underway",NA,NA,0,0,-67.816,20.9063,49.5,0.08244,0.06354,"1"
"EN655",2020-07-26 09:41:00,2020-07-26 09:41:00,NA,NA,"toi_underway",NA,NA,0,0,-75.564,20.7325,41.2,0.2007,0.3,"1"
"EN655",2020-07-26 10:58:00,2020-07-26 10:58:00,NA,NA,"toi_underway",NA,NA,0,0,-58.496,21.1153,61.9,0.005467,-0.1221,"1"
"EN655",2020-07-26 11:12:43,2020-07-26 11:12:00,40.69377,-70.88034,"toi_niskin","007",1,61.491,61.491,-321.91,15.2076,81.6,2.02,3.765,"1"
"EN655",2020-07-26 11:13:00,2020-07-26 11:13:00,NA,NA,"toi_underway",NA,NA,0,0,-62.062,21.0353,58.7,0.03124,-0.05478,"1"
"EN655",2020-07-26 11:21:14,2020-07-26 11:21:00,40.69173,-70.87974,"toi_niskin","007",4,39.711,39.711,-208.63,17.7482,100,1.267,2.243,"1"
"EN655",2020-07-26 11:25:33,2020-07-26 11:25:00,40.69064,-70.8796,"toi_niskin","007",8,23.197,23.197,-38.052,21.5738,139,-0.2491,-0.7745,"1"
"EN655",2020-07-26 11:28:09,2020-07-26 11:28:00,40.69008,-70.87964,"toi_niskin","007",12,14.188,14.188,31.193,23.1268,155,-0.3503,-0.9918,"1"
"EN655",2020-07-26 11:29:00,2020-07-26 11:29:00,NA,NA,"toi_underway",NA,NA,0,0,-64.264,20.9859,44.8,0.0389,-0.02492,"1"
"EN655",2020-07-26 11:31:18,2020-07-26 11:31:00,40.68908,-70.8794,"toi_niskin","007",17,1.732,1.732,-64.385,20.9832,58.4,0.04044,-0.02111,"1"
"EN655",2020-07-26 11:31:18,2020-07-26 11:31:00,40.68908,-70.8794,"toi_niskin","007",17,1.732,1.732,-64.156,20.9883,47.2,0.05615,0.0003946,"1"
"EN655",2020-07-26 12:48:00,2020-07-26 12:48:00,NA,NA,"toi_underway",NA,NA,0,0,-58.031,21.1257,46,-0.02012,-0.1345,"1"
"EN655",2020-07-26 14:32:39,2020-07-26 14:32:00,40.692,-70.77674,"toi_niskin","008",3,1.811,1.811,-56.521,21.1596,55.7,0.0114,-0.11,"1"
"EN655",2020-07-26 19:22:13,2020-07-26 19:22:00,40.50792,-70.8767,"toi_niskin","010",12,12.211,12.211,-17.582,22.0329,105,-0.1548,-0.518,"1"
"EN655",2020-07-26 20:25:00,2020-07-26 20:25:00,NA,NA,"toi_underway",NA,NA,0,0,-79.445,20.6455,22.2,0.2605,0.4245,"1"
"EN655",2020-07-27 01:45:45,2020-07-27 01:45:00,40.22116,-70.87492,"toi_niskin","011",18,3.388,3.388,-80.206,20.6284,34.7,0.2569,0.4117,"1"
"EN655",2020-07-27 05:02:00,2020-07-27 05:02:00,NA,NA,"toi_underway",NA,NA,0,0,-83.505,20.5544,39.7,0.2743,0.4637,"1"
"EN655",2020-07-27 10:01:00,2020-07-27 10:01:00,NA,NA,"toi_underway",NA,NA,0,0,-77.661,20.6855,38.8,0.2083,0.3299,"1"
"EN655",2020-07-27 10:13:00,2020-07-27 10:13:00,NA,NA,"toi_underway",NA,NA,0,0,-82.922,20.5675,22.9,0.25,0.4285,"1"
"EN655",2020-07-27 10:44:21,2020-07-27 09:31:00,39.92652,-70.89,"toi_niskin","012",8,49.893,44.967,-157.92,18.8856,94.5,0.5662,0.9041,"3"
"EN655",2020-07-27 10:47:26,2020-07-27 10:47:00,39.92561,-70.89074,"toi_niskin","012",12,22.971,22.971,2.6108,22.4857,141,-0.5542,-1.358,"1"
"EN655",2020-07-27 10:47:33,2020-07-27 09:36:00,39.92558,-70.89076,"toi_niskin","012",13,22.99,25.035,-13.749,22.1188,136,-0.4844,-1.202,"3"
"EN655",2020-07-27 10:49:31,2020-07-27 10:49:00,39.92504,-70.89129,"toi_niskin","012",15,12.729,12.729,-39.018,21.5521,89.8,-0.1475,-0.4712,"1"
"EN655",2020-07-27 10:51:50,2020-07-27 09:38:00,39.92438,-70.89194,"toi_niskin","012",17,2.519,10.359,-46.997,21.3732,99.5,-0.13,-0.4575,"3"
"EN655",2020-07-27 10:51:50,2020-07-27 10:51:00,39.92438,-70.89194,"toi_niskin","012",17,2.519,2.519,-77.925,20.6795,30.3,0.2214,0.3527,"1"
"EN655",2020-07-27 11:47:00,2020-07-27 11:47:00,NA,NA,"toi_underway",NA,NA,0,0,-84.231,20.5381,33.6,0.2518,0.4231,"1"
"EN655",2020-07-27 12:00:00,2020-07-27 12:00:00,NA,NA,"toi_underway",NA,NA,0,0,-83.711,20.5498,29.1,0.2518,0.4316,"1"
"EN655",2020-07-27 12:14:00,2020-07-27 12:14:00,NA,NA,"toi_underway",NA,NA,0,0,-81.406,20.6015,27.7,0.2444,0.4131,"1"
"EN655",2020-07-27 12:47:00,2020-07-27 12:47:00,NA,NA,"toi_underway",NA,NA,0,0,-77.944,20.6791,28.6,0.222,0.3651,"1"
"EN655",2020-07-27 13:43:00,2020-07-27 13:43:00,NA,NA,"toi_underway",NA,NA,0,0,-79.117,20.6528,30.6,0.2245,0.3711,"1"
"EN655",2020-07-27 15:21:15,2020-07-27 15:21:00,39.76492,-70.78208,"toi_niskin","013",1,18.044,18.044,-39.936,21.5315,69.4,-0.1878,-0.5318,"1"
"EN655",2020-07-27 15:23:23,2020-07-27 15:23:00,39.76474,-70.78208,"toi_niskin","013",3,1.269,1.269,-84.198,20.5389,34.3,0.2458,0.4144,"1"
"EN655",2020-07-27 15:49:00,2020-07-27 15:49:00,NA,NA,"toi_underway",NA,NA,0,0,-84.468,20.5328,30.6,0.2572,0.439,"1"
"EN655",2020-07-27 16:14:00,2020-07-27 16:14:00,NA,NA,"toi_underway",NA,NA,0,0,-84.044,20.5423,25,0.2479,0.4324,"1"
"EN655",2020-07-27 16:40:00,2020-07-27 16:40:00,NA,NA,"toi_underway",NA,NA,0,0,-85.396,20.512,21.5,0.2884,0.5065,"1"
"EN655",2020-07-27 17:41:00,2020-07-27 17:41:00,NA,NA,"toi_underway",NA,NA,0,0,-80.566,20.6203,41.3,0.2737,0.4436,"1"
"EN655",2020-07-27 17:43:00,2020-07-27 17:43:00,NA,NA,"toi_underway",NA,NA,0,0,-80.494,20.6219,32.5,0.2724,0.446,"1"
"EN655",2020-07-27 20:36:00,2020-07-27 20:36:00,NA,NA,"toi_underway",NA,NA,0,0,-87.346,20.4683,22.4,0.3244,0.5694,"1"
"EN655",2020-07-27 21:23:11,2020-07-27 21:23:00,40.09774,-70.88114,"toi_niskin","015",1,142.833,142.83,-417.44,13.0651,52.8,2.9,5.512,"1"
"EN655",2020-07-27 21:40:16,2020-07-27 21:40:00,40.09472,-70.8822,"toi_niskin","015",20,1.667,1.667,-77.519,20.6887,34.9,0.261,0.4163,"1"
"EN655",2020-07-27 21:40:16,2020-07-27 21:40:00,40.09472,-70.8822,"toi_niskin","015",20,1.667,1.667,-77.787,20.6827,28.1,0.2398,0.3963,"1"
"EN655",2020-07-27 22:10:00,2020-07-27 22:10:00,NA,NA,"toi_underway",NA,NA,0,0,-77.085,20.6984,39.7,0.2097,0.3125,"1"
"EN655",2020-07-27 22:10:00,2020-07-27 22:10:00,NA,NA,"toi_underway",NA,NA,0,0,-77.173,20.6964,35.6,0.2026,0.3094,"1"
"EN655",2020-07-28 01:58:36,2020-07-28 01:58:00,40.3671,-70.87327,"toi_niskin","016",2,89.564,89.564,-315.07,15.3611,57.9,2.091,3.951,"1"
"EN655",2020-07-28 02:07:32,2020-07-28 02:07:00,40.36646,-70.87024,"toi_niskin","016",13,25.177,25.177,2.3089,22.479,130,-0.5781,-1.381,"1"
"EN655",2020-07-28 02:08:47,2020-07-28 02:08:00,40.36638,-70.86986,"toi_niskin","016",15,13.08,13.08,54.137,23.6413,119,-0.6803,-1.585,"1"
"EN655",2020-07-28 02:10:13,2020-07-28 02:10:00,40.36628,-70.86932,"toi_niskin","016",19,2.331,2.331,-72.53,20.8006,36,0.1558,0.2296,"1"
"EN655",2020-07-28 02:10:20,2020-07-28 02:10:00,40.36628,-70.8693,"toi_niskin","016",20,1.711,1.711,-73.2,20.7855,42,0.1525,0.2181,"1"
"EN657",2020-10-13 17:57:30,2020-10-13 17:57:00,41.20278,-70.87746,"toi_niskin","001",1,18.594,18.594,-179.91,18.3924,36.8,0.653,1.191,"1"
"EN657",2020-10-13 18:01:32,2020-10-13 18:01:00,41.20299,-70.87632,"toi_niskin","001",7,9.434,9.434,-147.1,19.1281,28.6,0.3164,0.5557,"1"
"EN657",2020-10-13 18:04:56,2020-10-13 18:04:00,41.20302,-70.87542,"toi_niskin","001",13,3.237,3.237,-147.61,19.1166,30.1,0.3138,0.548,"1"
"EN657",2020-10-14 00:14:11,2020-10-14 00:14:00,40.86028,-70.87908,"toi_niskin","002",5,29.925,29.295,-113.42,19.8835,22.4,0.3904,0.7109,"1"
"EN657",2020-10-14 00:16:05,2020-10-14 00:16:00,40.85994,-70.87879,"toi_niskin","002",7,15.249,15.249,-106.53,20.038,25.5,0.3448,0.6168,"1"
"EN657",2020-10-14 00:18:12,2020-10-14 00:18:00,40.85952,-70.87848,"toi_niskin","002",9,2.3,2.3,-105.42,20.0629,25.5,0.3402,0.6078,"1"
"EN657",2020-10-14 08:28:00,2020-10-14 08:28:00,NA,NA,"toi_underway",NA,NA,0,0,-136.88,19.3574,31.1,0.409,0.73,"1"
"EN657",2020-10-14 09:15:28,2020-10-14 09:15:00,41.03067,-70.77476,"toi_niskin","003",1,43.733,43.733,-456.66,12.1856,106,2.873,5.358,"1"
"EN657",2020-10-14 09:17:18,2020-10-14 09:17:00,41.0307,-70.77527,"toi_niskin","003",4,38.44,38.44,-183.73,18.3067,29.2,0.6514,1.202,"1"
"EN657",2020-10-14 09:20:22,2020-10-14 09:20:00,41.03085,-70.77595,"toi_niskin","003",7,3.054,3.054,-122.3,19.6843,30.7,0.334,0.586,"1"
"EN657",2020-10-14 09:50:00,2020-10-14 09:50:00,NA,NA,"toi_underway",NA,NA,0,0,-116.91,19.8051,29.4,0.2994,0.5215,"1"
"EN657",2020-10-14 10:05:00,2020-10-14 10:05:00,NA,NA,"toi_underway",NA,NA,0,0,-114.28,19.8643,32.2,0.301,0.5191,"1"
"EN657",2020-10-14 10:20:00,2020-10-14 10:20:00,NA,NA,"toi_underway",NA,NA,0,0,-111.64,19.9234,26.3,0.3323,0.5912,"1"
"EN657",2020-10-14 10:52:00,2020-10-14 10:52:00,NA,NA,"toi_underway",NA,NA,0,0,-141.29,19.2584,27.8,0.5734,1.054,"1"
"EN657",2020-10-14 11:45:00,2020-10-14 11:45:00,NA,NA,"toi_underway",NA,NA,0,0,-114.4,19.8614,19.2,0.2142,0.3766,"1"
"EN657",2020-10-14 13:10:55,2020-10-14 13:10:00,41.0295,-70.88414,"toi_niskin","005",1,40.519,40.519,-341.77,14.7622,48.2,1.635,3.069,"1"
"EN657",2020-10-14 13:16:02,2020-10-14 13:16:00,41.02928,-70.88414,"toi_niskin","005",4,35.084,35.084,-168.24,18.6541,31.3,0.7108,1.313,"1"
"EN657",2020-10-14 13:21:37,2020-10-14 13:21:00,41.02938,-70.88428,"toi_niskin","005",13,4.306,4.306,-109.02,19.9822,23.7,0.2538,0.4444,"1"
"EN657",2020-10-14 13:21:37,2020-10-14 13:21:00,41.02938,-70.88428,"toi_niskin","005",13,4.306,4.306,-108.83,19.9864,16.6,0.2416,0.4344,"1"
"EN657",2020-10-14 13:25:00,2020-10-14 13:25:00,NA,NA,"toi_underway",NA,NA,0,0,-114.92,19.8499,33.7,0.3132,0.5398,"1"
"EN657",2020-10-14 13:27:00,2020-10-14 13:27:00,NA,NA,"toi_underway",NA,NA,0,0,-114.57,19.8578,24.4,0.3023,0.5367,"1"
"EN657",2020-10-14 18:31:20,2020-10-14 18:31:00,40.69642,-70.89032,"toi_niskin","006",1,61.866,61.866,-426.83,12.8547,114,2.913,5.42,"1"
"EN657",2020-10-14 18:34:54,2020-10-14 18:34:00,40.69624,-70.89152,"toi_niskin","006",3,44.954,44.954,-103.55,20.1048,17.3,0.3824,0.7052,"1"
"EN657",2020-10-14 18:38:00,2020-10-14 18:38:00,40.696,-70.89256,"toi_niskin","006",7,32.884,32.884,-91.453,20.3762,30.7,0.2705,0.4631,"1"
"EN657",2020-10-14 18:41:22,2020-10-14 18:41:00,40.69572,-70.89364,"toi_niskin","006",12,20.217,20.217,-119.28,19.752,22.7,0.5441,1.007,"1"
"EN657",2020-10-14 18:43:43,2020-10-14 18:43:00,40.69561,-70.8944,"toi_niskin","006",16,2.358,2.358,-85.501,20.5096,14.4,0.196,0.3507,"1"
"EN657",2020-10-14 18:43:43,2020-10-14 18:43:00,40.69561,-70.8944,"toi_niskin","006",16,2.358,2.358,-85.277,20.5147,16.9,0.1984,0.3506,"1"
"EN657",2020-10-14 23:23:32,2020-10-14 23:23:00,40.51598,-70.88496,"toi_niskin","007",4,45.107,45.107,-116.25,19.8201,30.4,0.4269,0.7659,"1"
"EN657",2020-10-14 23:30:36,2020-10-14 23:30:00,40.51552,-70.88558,"toi_niskin","007",10,17.185,17.185,-92.015,20.3635,18,0.2384,0.4257,"1"
"EN657",2020-10-14 23:33:31,2020-10-14 23:33:00,40.51548,-70.88592,"toi_niskin","007",15,2.475,2.475,-80.924,20.6123,24.6,0.1526,0.247,"1"
"EN657",2020-10-15 01:30:00,2020-10-15 01:30:00,NA,NA,"toi_underway",NA,NA,0,0,-93.64,20.3271,26.6,0.2615,0.4538,"1"
"EN657",2020-10-15 08:14:19,2020-10-15 08:14:00,39.93304,-70.87794,"toi_niskin","009",5,74.688,74.688,-265.92,16.4633,98.3,1.525,2.759,"1"
"EN657",2020-10-15 08:17:03,2020-10-15 08:17:00,39.9328,-70.87798,"toi_niskin","009",9,60.408,60.408,-208.65,17.7477,91.9,1.013,1.78,"1"
"EN657",2020-10-15 08:25:15,2020-10-15 08:25:00,39.9322,-70.87794,"toi_niskin","009",17,2.387,2.387,-108.84,19.9862,34.7,0.3862,0.679,"1"
"EN657",2020-10-15 11:25:00,2020-10-15 11:25:00,NA,NA,"toi_underway",NA,NA,0,0,-94.096,20.3169,17.6,0.2673,0.4823,"1"
"EN657",2020-10-15 12:26:36,2020-10-15 12:26:00,39.77276,-70.77626,"toi_niskin","010",3,49.72,49.72,-222.71,17.4325,51.1,1.323,2.459,"1"
"EN657",2020-10-15 12:28:48,2020-10-15 12:28:00,39.7729,-70.7763,"toi_niskin","010",5,33.324,33.324,-117.36,19.7951,25.9,0.4704,0.8586,"1"
"EN657",2020-10-15 12:31:44,2020-10-15 12:31:00,39.7731,-70.77632,"toi_niskin","010",7,2.534,2.534,-88.264,20.4477,23.3,0.2352,0.4091,"1"
"EN657",2020-10-15 12:59:00,2020-10-15 12:59:00,NA,NA,"toi_underway",NA,NA,0,0,-89.865,20.4118,26.7,0.2514,0.434,"1"
"EN657",2020-10-15 13:12:00,2020-10-15 13:12:00,NA,NA,"toi_underway",NA,NA,0,0,-103.16,20.1136,33.3,0.3466,0.6052,"1"
"EN657",2020-10-15 13:27:00,2020-10-15 13:27:00,NA,NA,"toi_underway",NA,NA,0,0,NA,NA,31.6,0.2495,0.4207,"1"
"EN657",2020-10-15 13:42:00,2020-10-15 13:42:00,NA,NA,"toi_underway",NA,NA,0,0,-93.042,20.3405,23.2,0.2568,0.4511,"1"
"EN657",2020-10-15 14:54:00,2020-10-15 14:54:00,NA,NA,"toi_underway",NA,NA,0,0,-90.8,20.3908,31.5,0.2482,0.4185,"1"
"EN657",2020-10-15 16:49:26,2020-10-15 16:49:00,39.76932,-70.87732,"toi_niskin","012",7,35.612,35.612,-88.392,20.4448,28.3,0.2195,0.3694,"1"
"EN657",2020-10-15 16:52:00,2020-10-15 16:52:00,NA,NA,"toi_underway",NA,NA,0,0,-92.711,20.348,34.4,0.2409,0.3988,"1"
"EN657",2020-10-15 16:52:20,2020-10-15 16:52:00,39.7689,-70.87674,"toi_niskin","012",12,25.586,25.586,-85.419,20.5115,35.6,0.1875,0.2933,"1"
"EN657",2020-10-15 16:54:00,2020-10-15 16:54:00,NA,NA,"toi_underway",NA,NA,0,0,-92.742,20.3473,31.3,0.2278,0.3796,"1"
"EN657",2020-10-15 16:55:40,2020-10-15 16:55:00,39.76858,-70.8762,"toi_niskin","012",17,3.148,3.148,-87.705,20.4602,28.3,0.1824,0.2977,"1"
"EN657",2020-10-16 04:12:00,2020-10-16 04:12:00,NA,NA,"toi_underway",NA,NA,0,0,-98.1,20.2271,29.2,0.3178,0.5575,"1"
"EN657",2020-10-16 09:53:20,2020-10-16 09:53:00,40.10276,-70.88244,"toi_niskin","014",5,89.993,89.993,-318.71,15.2795,123,1.978,3.588,"1"
"EN657",2020-10-16 09:55:33,2020-10-16 09:55:00,40.10254,-70.8824,"toi_niskin","014",8,72.452,72.452,-138.53,19.3204,50.3,0.5838,1.031,"1"
"EN657",2020-10-16 10:02:27,2020-10-16 10:02:00,40.10184,-70.88197,"toi_niskin","014",15,2.553,2.553,-94.784,20.3014,30.3,0.2663,0.4557,"1"
"EN657",2020-10-16 11:50:32,2020-10-16 11:50:00,40.1305,-70.77006,"toi_niskin","015",4,85.381,85.381,-303.71,15.6158,110,1.957,3.573,"1"
"EN657",2020-10-16 11:53:59,2020-10-16 11:53:00,40.13014,-70.76942,"toi_niskin","015",8,70.71,70.71,-199.57,17.9514,66.3,1.098,1.994,"1"
"EN657",2020-10-16 11:57:14,2020-10-16 11:57:00,40.12982,-70.76886,"toi_niskin","015",10,49.58,49.58,-97.308,20.2448,24.1,0.3094,0.551,"1"
"EN657",2020-10-16 12:00:00,2020-10-16 12:00:00,NA,NA,"toi_underway",NA,NA,0,0,-95.792,20.2788,27.6,0.2802,0.4879,"1"
"EN657",2020-10-16 12:02:00,2020-10-16 12:02:00,NA,NA,"toi_underway",NA,NA,0,0,-94.95,20.2977,29.4,0.2816,0.487,"1"
"EN657",2020-10-16 12:03:41,2020-10-16 12:03:00,40.12908,-70.76761,"toi_niskin","015",17,3.223,3.223,-91.096,20.3842,30.1,0.242,0.4092,"1"
"EN657",2020-10-16 12:03:41,2020-10-16 12:03:00,40.12908,-70.76761,"toi_niskin","015",17,3.223,3.223,-90.891,20.3888,37.4,0.2412,0.3937,"1"
"EN657",2020-10-16 16:27:00,2020-10-16 16:27:00,NA,NA,"toi_underway",NA,NA,0,0,-103.6,20.1038,35.4,0.3698,0.6461,"1"
"EN657",2020-10-16 17:57:00,2020-10-16 17:57:00,NA,NA,"toi_underway",NA,NA,0,0,-91.636,20.3721,44.1,0.2205,0.3407,"1"
"EN657",2020-10-16 19:39:00,2020-10-16 19:39:00,NA,NA,"toi_underway",NA,NA,0,0,-87.759,20.459,35.4,0.1809,0.281,"1"
"EN657",2020-10-16 21:57:00,2020-10-16 21:57:00,NA,NA,"toi_underway",NA,NA,0,0,-82.759,20.5711,31.2,0.1696,0.2673,"1"
"EN657",2020-10-16 22:53:34,2020-10-16 22:53:00,40.36636,-70.77579,"toi_niskin","016",5,30.018,30.018,-107.83,20.0089,31.3,0.4324,0.7748,"1"
"EN657",2020-10-16 22:55:13,2020-10-16 22:55:00,40.36624,-70.77548,"toi_niskin","016",7,16.325,16.325,-107.41,20.0183,41.9,0.4063,0.7039,"1"
"EN657",2020-10-16 22:57:08,2020-10-16 22:57:00,40.36592,-70.77521,"toi_niskin","016",9,2.85,2.85,-61.664,21.0442,38.1,-0.1464,-0.3563,"1"
"EN657",2020-10-16 23:20:00,2020-10-16 23:20:00,NA,NA,"toi_underway",NA,NA,0,0,-92.612,20.3502,39.3,0.2252,0.3591,"1"
"EN657",2020-10-17 00:00:21,2020-10-17 00:21:00,40.35946,-70.88796,"toi_niskin","017",4,60.409,60.409,-167.47,18.6713,54.1,0.8191,1.478,"1"
"EN657",2020-10-17 00:02:54,2020-10-17 00:02:00,40.35972,-70.88818,"toi_niskin","017",9,42.986,42.986,-99.736,20.1904,35.9,0.3286,0.5654,"1"
"EN657",2020-10-17 00:10:48,2020-10-17 00:10:00,40.3602,-70.88878,"toi_niskin","017",17,3.638,3.638,-83.845,20.5468,26.6,0.1372,0.2136,"1"
"EN657",2020-10-17 01:53:00,2020-10-17 01:53:00,NA,NA,"toi_underway",NA,NA,0,0,-101.54,20.1499,36.7,0.3331,0.5725,"1"
"EN657",2020-10-17 02:30:00,2020-10-17 02:30:00,NA,NA,"toi_underway",NA,NA,0,0,-91.976,20.3644,31.2,0.2405,0.4043,"1"
"EN657",2020-10-17 03:19:00,2020-10-17 03:19:00,NA,NA,"toi_underway",NA,NA,0,0,-84.541,20.5312,30.5,0.1676,0.2648,"1"
"EN657",2020-10-17 05:44:52,2020-10-17 05:44:00,40.2233,-70.86987,"toi_niskin","019",5,85.603,85.603,-363.91,14.2657,98.7,2.5,4.646,"1"
"EN657",2020-10-17 05:46:37,2020-10-17 05:46:00,40.22324,-70.86918,"toi_niskin","019",7,68.287,68.287,-197.82,17.9906,91.3,0.9206,1.603,"1"
"EN657",2020-10-17 05:55:25,2020-10-17 05:55:00,40.22322,-70.86603,"toi_niskin","019",17,5.193,5.193,-93.111,20.339,32.8,0.2392,0.3987,"1"
"EN657",2020-10-17 15:30:00,2020-10-17 15:30:00,NA,NA,"toi_underway",NA,NA,0,0,-107.16,20.0239,31.5,0.3626,0.6394,"1"
"EN657",2020-10-17 15:31:00,2020-10-17 15:31:00,NA,NA,"toi_underway",NA,NA,0,0,-106.63,20.0358,13.3,0.3401,0.6311,"1"
"EN657",2020-10-17 16:50:00,2020-10-17 16:50:00,NA,NA,"toi_underway",NA,NA,0,0,-120.11,19.7335,30,0.1788,0.2874,"1"
"EN657",2020-10-17 16:51:00,2020-10-17 16:51:00,NA,NA,"toi_underway",NA,NA,0,0,-113.39,19.8841,31.2,0.1391,0.2084,"1"
"EN657",2020-10-17 18:10:00,2020-10-17 18:10:00,NA,NA,"toi_underway",NA,NA,0,0,-116.63,19.8116,20.8,0.1516,0.2526,"1"
"EN657",2020-10-17 18:11:00,2020-10-17 18:11:00,NA,NA,"toi_underway",NA,NA,0,0,-115.83,19.8295,18.3,0.1458,0.2462,"1"
"EN657",2020-10-17 23:00:00,2020-10-17 23:00:00,NA,NA,"toi_underway",NA,NA,0,0,-132.42,19.4573,29.1,0.2088,0.347,"1"
"EN657",2020-10-17 23:57:00,2020-10-17 23:57:00,NA,NA,"toi_underway",NA,NA,0,0,-116.97,19.8038,22.7,0.1302,0.2077,"1"
"EN657",2020-10-17 23:58:00,2020-10-17 23:58:00,NA,NA,"toi_underway",NA,NA,0,0,-116.8,19.8077,24.3,0.1249,0.1943,"1"
"EN657",2020-10-18 01:50:01,2020-10-18 01:50:00,41.32042,-70.57818,"toi_niskin","020",1,15.679,15.679,-88.29,20.4471,29.3,-0.0116,-0.07898,"1"
"EN657",2020-10-18 01:50:01,2020-10-18 01:50:00,41.32042,-70.57818,"toi_niskin","020",1,15.679,15.679,-87.73,20.4597,27.6,-0.0159,-0.08391,"1"
"EN657",2020-10-18 01:54:01,2020-10-18 01:54:00,41.32058,-70.57812,"toi_niskin","020",6,1.879,1.879,-86.914,20.478,28.5,-0.02763,-0.1084,"1"
"EN657",2020-10-18 01:54:01,2020-10-18 01:54:00,41.32058,-70.57812,"toi_niskin","020",6,1.879,1.879,-137.08,19.353,25,0.4901,0.8984,"1"
"EN661",2021-02-03 19:05:52,2021-02-03 18:52:00,41.19612,-70.87741,"toi_niskin","001",14,1.502,5,-76.19,20.7185,21.1,0.2069,0.3592,"1"
"EN661",2021-02-04 01:56:39,2021-02-04 01:50:00,41.03048,-70.8881,"toi_niskin","002",3,31.924,32,-104.48,20.0839,23.5,0.499,0.9193,"1"
"EN661",2021-02-04 01:58:54,2021-02-04 01:50:00,41.0306,-70.88836,"toi_niskin","002",6,23.988,24,-104.35,20.0869,22.5,0.5063,0.9354,"1"
"EN661",2021-02-04 02:03:36,2021-02-04 01:50:00,41.03084,-70.8889,"toi_niskin","002",15,3.277,5,-99.054,20.2057,18.7,0.4667,0.8662,"1"
"EN661",2021-02-04 08:06:00,2021-02-04 08:06:00,NA,NA,"toi_underway",NA,NA,0,0,-76.604,20.7092,26.3,0.1833,0.3037,"1"
"EN661",2021-02-04 08:26:00,2021-02-04 08:26:00,NA,NA,"toi_underway",NA,NA,0,0,-74.943,20.7464,21.6,0.1648,0.2773,"1"
"EN661",2021-02-04 08:59:08,2021-02-04 08:53:00,40.69766,-70.7743,"toi_niskin","003",1,29.821,30,-76.868,20.7033,21.6,0.1787,0.304,"1"
"EN661",2021-02-04 09:01:46,2021-02-04 08:53:00,40.69762,-70.77436,"toi_niskin","003",3,2.447,5,-76.437,20.7129,22.5,0.1748,0.2948,"1"
"EN661",2021-02-04 09:38:00,2021-02-04 09:38:00,NA,NA,"toi_underway",NA,NA,0,0,-75.264,20.7392,22.9,0.1802,0.3041,"1"
"EN661",2021-02-04 09:55:00,2021-02-04 09:55:00,NA,NA,"toi_underway",NA,NA,0,0,-73.136,20.787,38.1,0.175,0.2649,"1"
"EN661",2021-02-04 10:13:00,2021-02-04 10:13:00,NA,NA,"toi_underway",NA,NA,0,0,-76.081,20.7209,23.6,0.1881,0.3182,"1"
"EN661",2021-02-04 10:45:39,2021-02-04 10:36:00,40.6979,-70.99624,"toi_niskin","004",2,2.312,5,-79.371,20.6471,27.4,0.2209,0.3743,"1"
"EN661",2021-02-04 11:41:00,2021-02-04 11:41:00,NA,NA,"toi_underway",NA,NA,0,0,-81.046,20.6096,26.2,0.242,0.4174,"1"
"EN661",2021-02-04 13:02:07,2021-02-04 12:58:00,40.69743,-70.8851,"toi_niskin","005",1,60.003,60,-75.17,20.7413,34.3,0.1843,0.2903,"1"
"EN661",2021-02-04 13:04:27,2021-02-04 12:58:00,40.69696,-70.88566,"toi_niskin","005",3,40.693,40,-75.864,20.7258,27.3,0.1843,0.3038,"1"
"EN661",2021-02-04 13:06:29,2021-02-04 12:58:00,40.69686,-70.88632,"toi_niskin","005",5,28.442,28,-74.037,20.7668,24.9,0.1625,0.2664,"1"
"EN661",2021-02-04 13:09:06,2021-02-04 12:58:00,40.69662,-70.88704,"toi_niskin","005",10,15.204,15,-73.813,20.7718,29.5,0.1684,0.2687,"1"
"EN661",2021-02-04 13:11:18,2021-02-04 12:58:00,40.69633,-70.8877,"toi_niskin","005",15,2.228,5,-73.908,20.7696,33.4,0.1675,0.2595,"1"
"EN661",2021-02-04 13:11:18,2021-02-04 12:58:00,40.69633,-70.8877,"toi_niskin","005",15,2.228,5,-73.153,20.7866,27.7,0.1586,0.2531,"1"
"EN661",2021-02-04 13:12:00,2021-02-04 13:12:00,NA,NA,"toi_underway",NA,NA,0,0,-124.63,19.6321,37.7,0.7234,1.325,"1"
"EN661",2021-02-04 13:14:00,2021-02-04 13:14:00,NA,NA,"toi_underway",NA,NA,0,0,-74.237,20.7623,31,0.1746,0.2781,"1"
"EN661",2021-02-04 15:53:44,2021-02-04 15:46:00,40.51318,-70.88654,"toi_niskin","006",3,45.352,45,-103.91,20.0967,26,0.461,0.8407,"1"
"EN661",2021-02-04 15:57:33,2021-02-04 15:46:00,40.5136,-70.88806,"toi_niskin","006",8,15.098,15,-100.06,20.1832,30.9,0.4068,0.727,"1"
"EN661",2021-02-04 15:59:26,2021-02-04 15:46:00,40.51366,-70.88887,"toi_niskin","006",11,1.871,5,-87.996,20.4537,26.2,0.2803,0.4915,"1"
"EN661",2021-02-04 18:53:00,2021-02-04 18:53:00,NA,NA,"toi_underway",NA,NA,0,0,-115.37,19.8398,26.1,0.5913,1.092,"1"
"EN661",2021-02-04 21:05:00,2021-02-04 21:05:00,NA,NA,"toi_underway",NA,NA,0,0,-89.723,20.415,30.4,0.2857,0.4937,"1"
"EN661",2021-02-05 01:10:02,2021-02-05 00:48:00,39.94052,-70.89986,"toi_niskin","007",4,180.271,180,-469.82,11.8905,99.1,3.503,6.591,"1"
"EN661",2021-02-05 01:13:29,2021-02-05 00:48:00,39.94056,-70.90138,"toi_niskin","007",7,107.405,108,-259.87,16.5991,30.8,1.499,2.839,"1"
"EN661",2021-02-05 01:13:29,2021-02-05 00:48:00,39.94056,-70.90138,"toi_niskin","007",7,107.405,108,-259.87,16.5991,30.8,1.499,2.839,"1"
"EN661",2021-02-05 01:13:29,2021-02-05 00:48:00,39.94056,-70.90138,"toi_niskin","007",7,107.405,108,-259.87,16.5991,30.8,1.499,2.839,"1"
"EN661",2021-02-05 01:13:29,2021-02-05 00:48:00,39.94056,-70.90138,"toi_niskin","007",7,107.405,108,-259.87,16.5991,30.8,1.499,2.839,"1"
"EN661",2021-02-05 01:16:41,2021-02-05 00:48:00,39.9407,-70.903,"toi_niskin","007",9,86.126,87,-141.33,19.2575,1.2,0.6258,1.207,"1"
"EN661",2021-02-05 01:24:46,2021-02-05 00:48:00,39.9411,-70.90715,"toi_niskin","007",20,4.298,5,-114.93,19.8497,25.5,0.4406,0.8019,"1"
"EN661",2021-02-05 08:10:00,2021-02-05 08:10:00,NA,NA,"toi_underway",NA,NA,0,0,-136.43,19.3674,21.4,0.5786,1.076,"1"
"EN661",2021-02-05 08:23:00,2021-02-05 08:23:00,NA,NA,"toi_underway",NA,NA,0,0,-148.76,19.091,22.2,0.7118,1.334,"1"
"EN661",2021-02-05 09:08:54,2021-02-05 08:47:00,39.77016,-70.77258,"toi_niskin","008",3,119.114,118,-161.76,18.7993,28.4,0.788,1.469,"1"
"EN661",2021-02-05 09:14:25,2021-02-05 08:47:00,39.76904,-70.77227,"toi_niskin","008",5,2.405,5,-137.47,19.3442,24,0.582,1.079,"1"
"EN661",2021-02-05 09:48:00,2021-02-05 09:48:00,NA,NA,"toi_underway",NA,NA,0,0,-139.55,19.2976,32.1,0.6116,1.121,"1"
"EN661",2021-02-05 10:05:00,2021-02-05 10:05:00,NA,NA,"toi_underway",NA,NA,0,0,-136.82,19.3587,28.1,0.5983,1.101,"1"
"EN661",2021-02-05 10:05:00,2021-02-05 10:05:00,NA,NA,"toi_underway",NA,NA,0,0,-136.82,19.3587,28.1,0.5983,1.101,"1"
"EN661",2021-02-05 10:05:00,2021-02-05 10:05:00,NA,NA,"toi_underway",NA,NA,0,0,-136.82,19.3587,28.1,0.5983,1.101,"1"
"EN661",2021-02-05 10:05:00,2021-02-05 10:05:00,NA,NA,"toi_underway",NA,NA,0,0,-136.82,19.3587,28.1,0.5983,1.101,"1"
"EN661",2021-02-05 10:19:00,2021-02-05 10:19:00,NA,NA,"toi_underway",NA,NA,0,0,-134.71,19.406,17.6,0.5837,1.094,"1"
"EN661",2021-02-05 11:03:44,2021-02-05 10:41:00,39.77358,-70.9906,"toi_niskin","009",3,60.876,140,-180.24,18.3849,45.9,0.8563,1.566,"3"
"EN661",2021-02-05 11:09:03,2021-02-05 10:41:00,39.77348,-70.98986,"toi_niskin","009",7,2.917,5,-123.89,19.6486,22.9,0.4985,0.9187,"1"
"EN661",2021-02-05 11:57:00,2021-02-05 11:57:00,NA,NA,"toi_underway",NA,NA,0,0,-187.24,18.228,24.3,1.013,1.911,"1"
"EN661",2021-02-05 13:37:34,2021-02-05 13:08:00,39.77104,-70.87422,"toi_niskin","010",4,85.328,85,-145.6,19.1618,21.9,0.6577,1.228,"1"
"EN661",2021-02-05 13:40:37,2021-02-05 13:08:00,39.77076,-70.87376,"toi_niskin","010",7,40.151,40,-136.3,19.3704,27.6,0.6034,1.112,"1"
"EN661",2021-02-05 13:44:43,2021-02-05 13:08:00,39.77048,-70.87284,"toi_niskin","010",17,2.329,5,-123.39,19.6598,24.5,0.5143,0.9462,"1"
"EN661",2021-02-05 13:44:43,2021-02-05 13:08:00,39.77048,-70.87284,"toi_niskin","010",17,2.329,5,-123.52,19.6571,24.6,0.5166,0.9505,"1"
"EN661",2021-02-05 13:46:00,2021-02-05 13:46:00,NA,NA,"toi_underway",NA,NA,0,0,-124.76,19.6291,19.3,0.5344,0.9949,"1"
"EN661",2021-02-05 13:46:00,2021-02-05 13:46:00,NA,NA,"toi_underway",NA,NA,0,0,-124.76,19.6291,19.3,0.5344,0.9949,"1"
"EN661",2021-02-05 13:46:00,2021-02-05 13:46:00,NA,NA,"toi_underway",NA,NA,0,0,-124.76,19.6291,19.3,0.5344,0.9949,"1"
"EN661",2021-02-05 13:46:00,2021-02-05 13:46:00,NA,NA,"toi_underway",NA,NA,0,0,-124.76,19.6291,19.3,0.5344,0.9949,"1"
"EN661",2021-02-05 13:48:00,2021-02-05 13:48:00,NA,NA,"toi_underway",NA,NA,0,0,-122.89,19.6711,22.9,0.5226,0.9654,"1"
"EN661",2021-02-05 23:30:00,2021-02-05 23:30:00,NA,NA,"toi_underway",NA,NA,0,0,-143.85,19.201,41.5,0.7763,1.42,"1"
"EN661",2021-02-06 01:01:36,2021-02-06 00:41:00,39.92892,-70.77418,"toi_niskin","011",1,32.959,32,-140.21,19.2828,29.3,0.6304,1.161,"1"
"EN661",2021-02-06 01:03:50,2021-02-06 00:41:00,39.92844,-70.77386,"toi_niskin","011",3,20.603,21,-122.2,19.6865,59,0.4926,0.8375,"1"
"EN661",2021-02-06 01:06:12,2021-02-06 00:41:00,39.92804,-70.77376,"toi_niskin","011",5,2.691,5,-108.11,20.0026,23.1,0.401,0.73,"1"
"EN661",2021-02-06 08:30:00,2021-02-06 08:30:00,NA,NA,"toi_underway",NA,NA,0,0,-93.005,20.3414,70.1,0.3204,0.4835,"1"
"EN661",2021-02-06 08:56:00,2021-02-06 08:56:00,NA,NA,"toi_underway",NA,NA,0,0,-97.676,20.2366,32,0.3744,0.6614,"1"
"EN661",2021-02-06 09:28:00,2021-02-06 09:28:00,NA,NA,"toi_underway",NA,NA,0,0,-98.679,20.2141,54.6,0.3812,0.6308,"1"
"EN661",2021-02-06 09:46:00,2021-02-06 09:46:00,NA,NA,"toi_underway",NA,NA,0,0,-104.03,20.0942,27.9,0.4318,0.7802,"1"
"EN661",2021-02-06 09:46:00,2021-02-06 09:46:00,NA,NA,"toi_underway",NA,NA,0,0,-104.03,20.0942,27.9,0.4318,0.7802,"1"
"EN661",2021-02-06 09:46:00,2021-02-06 09:46:00,NA,NA,"toi_underway",NA,NA,0,0,-104.03,20.0942,27.9,0.4318,0.7802,"1"
"EN661",2021-02-06 09:46:00,2021-02-06 09:46:00,NA,NA,"toi_underway",NA,NA,0,0,-104.03,20.0942,27.9,0.4318,0.7802,"1"
"EN661",2021-02-06 09:59:00,2021-02-06 09:59:00,NA,NA,"toi_underway",NA,NA,0,0,-102.67,20.1246,26.7,0.4222,0.7641,"1"
"EN661",2021-02-06 09:59:00,2021-02-06 09:59:00,NA,NA,"toi_underway",NA,NA,0,0,-102.67,20.1246,26.7,0.4222,0.7641,"1"
"EN661",2021-02-06 09:59:00,2021-02-06 09:59:00,NA,NA,"toi_underway",NA,NA,0,0,-102.67,20.1246,26.7,0.4222,0.7641,"1"
"EN661",2021-02-06 09:59:00,2021-02-06 09:59:00,NA,NA,"toi_underway",NA,NA,0,0,-102.67,20.1246,26.7,0.4222,0.7641,"1"
"EN661",2021-02-06 10:54:00,2021-02-06 10:54:00,NA,NA,"toi_underway",NA,NA,0,0,-93.16,20.3379,14.7,0.3395,0.6273,"1"
"EN661",2021-02-06 12:02:00,2021-02-06 12:02:00,NA,NA,"toi_underway",NA,NA,0,0,-90.517,20.3972,20.6,0.3124,0.5634,"1"
"EN661",2021-02-06 13:09:00,2021-02-06 13:09:00,NA,NA,"toi_underway",NA,NA,0,0,-89.801,20.4132,33.7,0.304,0.5219,"1"
"EN661",2021-02-06 16:16:42,2021-02-06 16:10:00,40.8619,-70.88232,"toi_niskin","012",4,40.034,40,-102.38,20.131,52.4,0.4507,0.7693,"1"
"EN661",2021-02-06 16:19:25,2021-02-06 16:10:00,40.86108,-70.8827,"toi_niskin","012",7,20.612,20,-100.87,20.1649,73.7,0.4365,0.7008,"1"
"EN661",2021-02-06 16:23:15,2021-02-06 16:10:00,40.85992,-70.88317,"toi_niskin","012",14,1.978,5,-99.042,20.206,51.6,0.4224,0.7163,"1"
"EN661",2021-02-06 16:23:15,2021-02-06 16:10:00,40.85992,-70.88317,"toi_niskin","012",14,1.978,5,-99.365,20.1987,78.2,0.403,0.6273,"1"
"EN661",2021-02-06 16:24:00,2021-02-06 16:24:00,NA,NA,"toi_underway",NA,NA,0,0,-100.13,20.1815,96.6,0.4265,0.6373,"1"
"EN661",2021-02-06 16:26:00,2021-02-06 16:26:00,NA,NA,"toi_underway",NA,NA,0,0,-99.86,20.1876,76.4,0.4182,0.6602,"1"
"EN661",2021-02-06 19:00:00,2021-02-06 19:00:00,NA,NA,"toi_underway",NA,NA,0,0,-106,20.0499,25,0.5284,0.9728,"1"
"EN661",2021-02-06 21:22:25,2021-02-06 21:19:00,41.16327,-70.89195,"toi_niskin","013",2,25.534,25,-82.193,20.5838,25.3,0.278,0.4887,"1"
"EN661",2021-02-06 21:24:58,2021-02-06 21:19:00,41.16262,-70.8915,"toi_niskin","013",4,18.428,18,-79.748,20.6387,21.5,0.2547,0.4503,"1"
"EN661",2021-02-06 21:29:35,2021-02-06 21:19:00,41.16188,-70.89132,"toi_niskin","013",13,2.13,5,-79.379,20.647,25.1,0.2469,0.429,"1"
"EN661",2021-02-07 00:47:44,2021-02-07 00:41:00,41.31908,-70.57708,"toi_niskin","014",6,2.278,5,-90.346,20.401,20.5,0.3819,0.6981,"1"
"EN661",2021-02-07 02:17:00,2021-02-07 02:17:00,NA,NA,"toi_underway",NA,NA,0,0,-105.02,20.0718,17.6,0.5356,1.001,"1"
"EN661",2021-02-07 05:34:00,2021-02-07 05:34:00,NA,NA,"toi_underway",NA,NA,0,0,-89.503,20.4199,31.4,0.3723,0.6584,"1"
"EN661",2021-02-07 05:34:00,2021-02-07 05:34:00,NA,NA,"toi_underway",NA,NA,0,0,-89.503,20.4199,31.4,0.3723,0.6584,"1"
"EN661",2021-02-07 05:34:00,2021-02-07 05:34:00,NA,NA,"toi_underway",NA,NA,0,0,-89.503,20.4199,31.4,0.3723,0.6584,"1"
"EN661",2021-02-07 05:34:00,2021-02-07 05:34:00,NA,NA,"toi_underway",NA,NA,0,0,-89.503,20.4199,31.4,0.3723,0.6584,"1"
"EN661",2021-02-07 05:57:00,2021-02-07 05:57:00,NA,NA,"toi_underway",NA,NA,0,0,-92.341,20.3562,19.8,0.4041,0.7423,"1"
"EN661",2021-02-07 06:27:47,2021-02-07 06:23:00,41.0296,-70.771,"toi_niskin","015",1,35.432,35,-101.83,20.1434,83.3,0.4835,0.7731,"1"
"EN661",2021-02-07 06:31:01,2021-02-07 06:23:00,41.02953,-70.77096,"toi_niskin","015",3,2.253,5,-104.36,20.0867,25.6,0.5041,0.9246,"1"
"EN661",2021-02-07 07:01:00,2021-02-07 07:01:00,NA,NA,"toi_underway",NA,NA,0,0,-107.98,20.0055,22.2,0.5547,1.029,"1"
"EN661",2021-02-07 07:32:00,2021-02-07 07:32:00,NA,NA,"toi_underway",NA,NA,0,0,-89.373,20.4228,72.4,0.3219,0.4819,"1"
"EN661",2021-02-07 08:09:38,2021-02-07 08:04:00,41.03068,-70.992,"toi_niskin","016",2,2.675,5,-86.593,20.4852,22.2,0.2823,0.5029,"1"
"EN661",2021-02-07 08:55:00,2021-02-07 08:55:00,NA,NA,"toi_underway",NA,NA,0,0,-76.191,20.7185,16.5,0.192,0.3397,"1"
"EN661",2021-02-07 10:15:16,2021-02-07 10:11:00,41.03294,-70.88363,"toi_niskin","017",1,42.306,42,-98.16,20.2257,19.3,0.4411,0.815,"1"
"EN661",2021-02-07 10:17:13,2021-02-07 10:11:00,41.03332,-70.88314,"toi_niskin","017",4,33.424,33,-98.793,20.2115,21.9,0.4385,0.8054,"1"
"EN661",2021-02-07 10:19:56,2021-02-07 10:11:00,41.03384,-70.88244,"toi_niskin","017",7,15.032,15,-101.78,20.1447,16,0.4768,0.8909,"1"
"EN661",2021-02-07 10:22:24,2021-02-07 10:11:00,41.03426,-70.8818,"toi_niskin","017",10,2.408,5,-102.82,20.1212,19,0.4928,0.9159,"1"
"EN661",2021-02-07 11:15:00,2021-02-07 11:15:00,NA,NA,"toi_underway",NA,NA,0,0,-99.427,20.1973,23.9,0.46,0.843,"1"
"EN661",2021-02-07 11:27:00,2021-02-07 11:27:00,NA,NA,"toi_underway",NA,NA,0,0,-91.132,20.3833,16.6,0.335,0.6157,"1"
"EN661",2021-02-07 11:40:00,2021-02-07 11:40:00,NA,NA,"toi_underway",NA,NA,0,0,-108.07,20.0034,17.5,0.5164,0.9647,"1"
"EN661",2021-02-07 11:53:00,2021-02-07 11:53:00,NA,NA,"toi_underway",NA,NA,0,0,-110.27,19.9541,18.9,0.5408,1.009,"1"
"EN661",2021-02-07 12:07:00,2021-02-07 12:07:00,NA,NA,"toi_underway",NA,NA,0,0,-105.99,20.0501,18.3,0.5051,0.9412,"1"
"EN661",2021-02-07 13:19:00,2021-02-07 13:19:00,NA,NA,"toi_underway",NA,NA,0,0,-103.08,20.1153,19.9,0.4727,0.8752,"1"
"EN661",2021-02-07 13:45:00,2021-02-07 13:45:00,NA,NA,"toi_underway",NA,NA,0,0,-109.26,19.9768,23.3,0.5487,1.015,"1"
"EN661",2021-02-07 14:35:00,2021-02-07 14:35:00,NA,NA,"toi_underway",NA,NA,0,0,-109.75,19.9659,28.5,0.5751,1.057,"1"
"EN661",2021-02-07 14:57:00,2021-02-07 14:57:00,NA,NA,"toi_underway",NA,NA,0,0,-83.621,20.5518,25.5,0.2948,0.5207,"1"
"EN661",2021-02-07 17:16:00,2021-02-07 17:16:00,NA,NA,"toi_underway",NA,NA,0,0,-76.323,20.7155,23.5,0.191,0.3239,"1"
"EN661",2021-02-07 18:19:00,2021-02-07 18:19:00,NA,NA,"toi_underway",NA,NA,0,0,-71.827,20.8163,20,0.1554,0.2618,"1"
"EN661",2021-02-07 19:01:00,2021-02-07 19:01:00,NA,NA,"toi_underway",NA,NA,0,0,-96.233,20.269,17.4,0.3936,0.7274,"1"
"EN661",2021-02-07 19:32:00,2021-02-07 19:32:00,NA,NA,"toi_underway",NA,NA,0,0,-103.9,20.0971,25.8,0.4872,0.8921,"1"
"EN661",2021-02-07 20:45:00,2021-02-07 20:45:00,NA,NA,"toi_underway",NA,NA,0,0,-107.17,20.0236,21.3,0.5208,0.9659,"1"
"EN661",2021-02-07 21:19:00,2021-02-07 21:19:00,NA,NA,"toi_underway",NA,NA,0,0,-105.31,20.0654,27,0.5011,0.9161,"1"
"EN661",2021-02-07 22:06:00,2021-02-07 22:06:00,NA,NA,"toi_underway",NA,NA,0,0,-79.028,20.6548,23.7,0.2434,0.4248,"1"
"EN661",2021-02-07 22:33:00,2021-02-07 22:33:00,NA,NA,"toi_underway",NA,NA,0,0,-77.767,20.6831,22,0.2274,0.3972,"1"
"EN661",2021-02-07 22:40:00,2021-02-07 22:40:00,NA,NA,"toi_underway",NA,NA,0,0,-74.82,20.7492,27.1,0.2063,0.3466,"1"
"EN661",2021-02-07 22:52:00,2021-02-07 22:52:00,NA,NA,"toi_underway",NA,NA,0,0,-81.735,20.5941,24.6,0.2801,0.4941,"1"
"EN661",2021-02-07 23:07:00,2021-02-07 23:07:00,NA,NA,"toi_underway",NA,NA,0,0,-87.945,20.4548,17.4,0.3455,0.6343,"1"
"EN668",2021-07-16 23:40:00,2021-07-16 23:40:00,NA,NA,"toi_underway",NA,NA,0,0,-69.362,20.8716,54,0.2187,0.3182,"1"
"EN668",2021-07-17 04:36:52,2021-07-17 04:36:00,41.03138,-70.88014,"toi_niskin","002",4,30.151,30.151,-205.63,17.8155,126,1.053,1.79,"1"
"EN668",2021-07-17 04:39:02,2021-07-17 04:39:00,41.03138,-70.87988,"toi_niskin","002",6,21.073,21.073,-183.04,18.3222,106,0.9518,1.634,"1"
"EN668",2021-07-17 04:44:51,2021-07-17 04:44:00,41.03134,-70.87928,"toi_niskin","002",16,2.87,2.87,-63.679,20.9991,47.9,0.1172,0.1339,"1"
"EN668",2021-07-17 09:36:31,2021-07-17 09:36:00,40.69636,-70.7688,"toi_niskin","003",1,17.714,17.714,-50.319,21.2987,107,-0.02059,-0.2464,"1"
"EN668",2021-07-17 09:38:27,2021-07-17 09:38:00,40.69654,-70.76817,"toi_niskin","003",3,3.669,3.669,-72.694,20.7969,34,0.2617,0.4397,"1"
"EN668",2021-07-17 10:29:00,2021-07-17 10:29:00,NA,NA,"toi_underway",NA,NA,0,0,-80.092,20.631,46,0.3391,0.5662,"1"
"EN668",2021-07-17 11:02:00,2021-07-17 11:02:00,NA,NA,"toi_underway",NA,NA,0,0,-78.503,20.6666,52.1,0.3302,0.5371,"1"
"EN668",2021-07-17 13:27:34,2021-07-17 13:27:00,40.69386,-70.87939,"toi_niskin","005",3,42.741,42.741,-246.84,16.8912,105,1.669,3.025,"1"
"EN668",2021-07-17 13:30:50,2021-07-17 13:30:00,40.6937,-70.8789,"toi_niskin","005",8,29.605,29.605,-145.96,19.1536,118,0.6476,1.023,"1"
"EN668",2021-07-17 13:35:47,2021-07-17 13:35:00,40.69342,-70.87816,"toi_niskin","005",17,4.429,4.429,-29.452,21.7667,125,0.1994,0.1427,"1"
"EN668",2021-07-17 13:35:47,2021-07-17 13:35:00,40.69342,-70.87816,"toi_niskin","005",17,4.429,4.429,-71.33,20.8275,43.1,0.248,0.3958,"1"
"EN668",2021-07-17 13:38:00,2021-07-17 13:38:00,NA,NA,"toi_underway",NA,NA,0,0,-77.889,20.6804,47.9,0.292,0.4716,"1"
"EN668",2021-07-17 22:05:57,2021-07-17 22:05:00,40.51526,-70.88014,"toi_niskin","007",8,30.49,30.49,-150.21,19.0583,101,0.6754,1.11,"1"
"EN668",2021-07-17 22:08:05,2021-07-17 22:08:00,40.51536,-70.87987,"toi_niskin","007",12,14.998,14.998,-28.044,21.7982,102,-0.2795,-0.736,"1"
"EN668",2021-07-17 22:10:05,2021-07-17 22:10:00,40.51552,-70.87966,"toi_niskin","007",15,4.046,4.046,-77.057,20.699,37.8,0.2409,0.3924,"1"
"EN668",2021-07-18 02:31:00,2021-07-18 02:31:00,NA,NA,"toi_underway",NA,NA,0,0,-85.906,20.5006,33,0.3272,0.5683,"1"
"EN668",2021-07-18 03:37:00,2021-07-18 03:37:00,NA,NA,"toi_underway",NA,NA,0,0,-83.227,20.5606,22.9,0.2967,0.5288,"1"
"EN668",2021-07-18 04:01:00,2021-07-18 04:01:00,NA,NA,"toi_underway",NA,NA,0,0,-78.181,20.6738,46.2,0.2789,0.4494,"1"
"EN668",2021-07-18 08:01:52,2021-07-18 08:01:00,39.91788,-70.89958,"toi_niskin","008",20,4.041,4.041,-67.123,20.9218,47.4,0.1558,0.2094,"1"
"EN668",2021-07-18 12:06:03,2021-07-18 12:06:00,39.76086,-70.7794,"toi_niskin","009",3,13.539,13.539,15.46,22.7739,97.2,-0.5919,-1.33,"1"
"EN668",2021-07-18 12:08:12,2021-07-18 12:08:00,39.76032,-70.77942,"toi_niskin","009",5,4.304,4.304,-66.648,20.9325,42.2,0.1676,0.242,"1"
"EN668",2021-07-18 13:01:00,2021-07-18 13:01:00,NA,NA,"toi_underway",NA,NA,0,0,-78.554,20.6655,45.3,0.2831,0.4593,"1"
"EN668",2021-07-18 13:16:00,2021-07-18 13:16:00,NA,NA,"toi_underway",NA,NA,0,0,-80.822,20.6146,34.8,0.278,0.4698,"1"
"EN668",2021-07-18 13:36:00,2021-07-18 13:36:00,NA,NA,"toi_underway",NA,NA,0,0,-78.939,20.6568,48.1,0.2585,0.4064,"1"
"EN668",2021-07-18 14:53:00,2021-07-18 14:53:00,NA,NA,"toi_underway",NA,NA,0,0,-80.009,20.6328,38.4,0.2398,0.3889,"1"
"EN668",2021-07-18 16:40:00,2021-07-18 16:40:00,NA,NA,"toi_underway",NA,NA,0,0,-78.399,20.6689,47.3,0.2442,0.3802,"1"
"EN668",2021-07-18 16:42:00,2021-07-18 16:42:00,NA,NA,"toi_underway",NA,NA,0,0,-74.912,20.7471,39.1,0.2387,0.3855,"1"
"EN668",2021-07-18 16:48:57,2021-07-18 16:48:00,39.7682,-70.87873,"toi_niskin","011",11,25.28,25.28,-17.634,22.0317,128,-0.4604,-1.136,"1"
"EN668",2021-07-18 16:54:12,2021-07-18 16:54:00,39.76728,-70.87834,"toi_niskin","011",17,4.757,4.757,-70.951,20.836,51.3,0.199,0.2854,"1"
"EN668",2021-07-18 16:54:12,2021-07-18 16:54:00,39.76728,-70.87834,"toi_niskin","011",17,4.757,4.757,-72.301,20.8057,40.5,0.2162,0.3394,"1"
"EN668",2021-07-19 08:10:00,2021-07-19 08:10:00,NA,NA,"toi_underway",NA,NA,0,0,-88.05,20.4525,29.6,0.309,0.5396,"1"
"EN668",2021-07-19 09:20:00,2021-07-19 09:20:00,NA,NA,"toi_underway",NA,NA,0,0,-83.681,20.5505,41.7,0.3072,0.5129,"1"
"EN668",2021-07-19 09:35:00,2021-07-19 09:35:00,NA,NA,"toi_underway",NA,NA,0,0,-81.827,20.592,41.3,0.3149,0.5284,"1"
"EN668",2021-07-19 10:09:04,2021-07-19 10:09:00,40.0948,-70.7716,"toi_niskin","012",4,12.279,12.279,-79.599,20.642,40.3,0.2686,0.441,"1"
"EN668",2021-07-19 10:11:04,2021-07-19 10:11:00,40.09468,-70.77152,"toi_niskin","012",6,5.051,5.05,-48.402,21.3417,93.3,-0.08053,-0.3355,"1"
"EN668",2021-07-19 10:36:00,2021-07-19 10:36:00,NA,NA,"toi_underway",NA,NA,0,0,-87.87,20.4565,37.8,0.3503,0.6036,"1"
"EN668",2021-07-19 10:54:00,2021-07-19 10:54:00,NA,NA,"toi_underway",NA,NA,0,0,-87.93,20.4552,25.7,0.3338,0.5953,"1"
"EN668",2021-07-19 11:08:00,2021-07-19 11:08:00,NA,NA,"toi_underway",NA,NA,0,0,-88.272,20.4475,33.5,0.3546,0.6203,"1"
"EN668",2021-07-19 11:21:00,2021-07-19 11:21:00,NA,NA,"toi_underway",NA,NA,0,0,-86.875,20.4788,33,0.3251,0.5641,"1"
"EN668",2021-07-19 12:22:00,2021-07-19 12:22:00,NA,NA,"toi_underway",NA,NA,0,0,-84.846,20.5243,39,0.3095,0.5224,"1"
"EN668",2021-07-19 14:06:49,2021-07-19 14:06:00,40.09922,-70.88376,"toi_niskin","014",15,15.29,15.29,-43.638,21.4485,99.1,-0.1383,-0.4584,"1"
"EN668",2021-07-19 16:58:56,2021-07-19 16:58:00,40.12746,-70.76796,"toi_niskin","015",6,65.414,65.414,-294.63,15.8195,81.9,2.198,4.095,"1"
"EN668",2021-07-19 17:05:44,2021-07-19 17:05:00,40.12622,-70.7676,"toi_niskin","015",10,38.349,38.349,-139.1,19.3076,120,0.3892,0.5194,"1"
"EN668",2021-07-19 17:12:07,2021-07-19 17:12:00,40.12483,-70.767,"toi_niskin","015",13,13.725,13.725,-36.276,21.6136,106,-0.2055,-0.602,"1"
"EN668",2021-07-19 17:16:08,2021-07-19 17:16:00,40.12394,-70.76672,"toi_niskin","015",17,4.322,4.332,-78.839,20.6591,44.9,0.2619,0.4193,"1"
"EN668",2021-07-19 17:19:00,2021-07-19 17:19:00,NA,NA,"toi_underway",NA,NA,0,0,-83.233,20.5605,48.6,0.3084,0.5019,"1"
"EN668",2021-07-19 17:20:00,2021-07-19 17:20:00,NA,NA,"toi_underway",NA,NA,0,0,-83.415,20.5564,35.8,0.2957,0.502,"1"
"EN668",2021-07-19 19:24:12,2021-07-19 19:24:00,39.9294,-70.77522,"toi_niskin","016",1,30.462,30.462,-90.766,20.3916,149,0.01095,-0.2668,"1"
"EN668",2021-07-19 19:26:48,2021-07-19 19:26:00,39.92882,-70.77581,"toi_niskin","016",3,16.034,16.034,39.713,23.3179,124,-0.8126,-1.807,"1"
"EN668",2021-07-19 19:29:06,2021-07-19 19:29:00,39.92828,-70.77651,"toi_niskin","016",6,2.995,2.995,-68.254,20.8964,40.2,0.162,0.2352,"1"
"EN668",2021-07-20 01:34:00,2021-07-20 01:34:00,NA,NA,"toi_underway",NA,NA,0,0,-84.153,20.5399,36.2,0.3011,0.5115,"1"
"EN668",2021-07-20 03:25:00,2021-07-20 03:25:00,NA,NA,"toi_underway",NA,NA,0,0,-80.687,20.6176,37.1,0.2649,0.4399,"1"
"EN668",2021-07-20 06:15:43,2021-07-20 06:15:00,40.2157,-70.90217,"toi_niskin","017",5,61.928,61.928,-271.18,16.3453,90.8,1.967,3.629,"1"
"EN668",2021-07-20 06:24:27,2021-07-20 06:24:00,40.2144,-70.90594,"toi_niskin","017",9,42.121,42.121,-172.1,18.5674,130,0.7384,1.175,"1"
"EN668",2021-07-20 06:33:32,2021-07-20 06:33:00,40.21316,-70.91029,"toi_niskin","017",17,19.626,19.626,-36.741,21.6032,109,-0.1954,-0.5881,"1"
"EN668",2021-07-20 06:36:03,2021-07-20 06:36:00,40.21285,-70.91161,"toi_niskin","017",19,4.371,4.371,-77.959,20.6788,42.5,0.2343,0.3705,"1"
"EN668",2021-07-20 09:40:13,2021-07-20 09:40:00,40.36759,-70.89218,"toi_niskin","018",8,37.041,37.041,-215.89,17.5854,102,1.441,2.589,"1"
"EN668",2021-07-20 09:43:27,2021-07-20 09:43:00,40.36818,-70.89288,"toi_niskin","018",9,30.914,30.914,-153.97,18.974,111,0.7665,1.266,"1"
"EN668",2021-07-20 09:46:00,2021-07-20 09:46:00,40.36859,-70.89334,"toi_niskin","018",13,18.059,18.059,36.906,23.2549,123,-0.7979,-1.776,"1"
"EN668",2021-07-20 09:49:05,2021-07-20 09:49:00,40.36912,-70.8939,"toi_niskin","018",17,3.822,3.822,-73.534,20.778,58,0.246,0.363,"1"
"EN668",2021-07-20 12:05:00,2021-07-20 12:05:00,NA,NA,"toi_underway",NA,NA,0,0,-83.188,20.5615,38.8,0.3312,0.5647,"1"
"EN668",2021-07-20 12:22:00,2021-07-20 12:22:00,NA,NA,"toi_underway",NA,NA,0,0,-78.1,20.6756,52.2,0.2918,0.4628,"1"
"EN668",2021-07-20 13:11:31,2021-07-20 13:11:00,40.36632,-70.77277,"toi_niskin","019",3,16.308,16.308,-5.1382,22.312,114,-0.4912,-1.168,"1"
"EN668",2021-07-20 13:13:19,2021-07-20 13:13:00,40.36664,-70.77268,"toi_niskin","019",5,4.267,4.267,-65.751,20.9526,54.2,0.1544,0.1935,"1"
"EN668",2021-07-20 13:47:00,2021-07-20 13:47:00,NA,NA,"toi_underway",NA,NA,0,0,-79.094,20.6533,47.2,0.2972,0.4829,"1"
"EN668",2021-07-20 14:02:00,2021-07-20 14:02:00,NA,NA,"toi_underway",NA,NA,0,0,-77.886,20.6804,51.8,0.2862,0.4528,"1"
"EN668",2021-07-20 14:35:00,2021-07-20 14:35:00,NA,NA,"toi_underway",NA,NA,0,0,-78.593,20.6646,48.1,0.2698,0.4282,"1"
"EN668",2021-07-20 14:53:57,2021-07-20 14:53:00,40.36128,-70.9971,"toi_niskin","020",5,49.128,49.128,-215.07,17.6038,116,1.048,1.801,"1"
"EN668",2021-07-20 14:53:57,2021-07-20 14:53:00,40.36128,-70.9971,"toi_niskin","020",5,49.128,49.128,-215.08,17.6036,103,1.035,1.801,"1"
"EN668",2021-07-20 15:01:09,2021-07-20 15:01:00,40.36044,-70.99742,"toi_niskin","020",15,4.019,4.019,-76.849,20.7037,36.1,0.2324,0.3793,"1"
"EN668",2021-07-20 21:06:00,2021-07-20 21:06:00,NA,NA,"toi_underway",NA,NA,0,0,-79.036,20.6546,45.3,0.2837,0.4606,"1"
"EN668",2021-07-20 23:59:00,2021-07-20 23:59:00,NA,NA,"toi_underway",NA,NA,0,0,-84.27,20.5372,34.5,0.2976,0.5083,"1"
"EN668",2021-07-21 01:08:00,2021-07-21 01:08:00,NA,NA,"toi_underway",NA,NA,0,0,-63.185,21.0101,55.7,0.09094,0.06813,"1"
"EN668",2021-07-21 02:22:40,2021-07-21 02:22:00,40.86044,-70.88491,"toi_niskin","021",9,26.109,26.109,-199.42,17.9548,123,0.9759,1.648,"1"
"EN668",2021-07-21 02:25:27,2021-07-21 02:25:00,40.86019,-70.88462,"toi_niskin","021",14,13.354,13.354,-15.146,22.0875,121,-0.249,-0.715,"1"
"EN668",2021-07-21 02:28:00,2021-07-21 02:28:00,40.85998,-70.88442,"toi_niskin","021",18,3.703,3.703,-40.096,21.528,92.2,-0.03097,-0.2378,"1"
"EN668",2021-07-21 05:57:38,2021-07-21 05:57:00,41.02102,-70.7798,"toi_niskin","022",1,16.622,16.622,-122.39,19.6824,109,0.2857,0.3415,"1"
"EN668",2021-07-21 06:00:02,2021-07-21 06:00:00,41.02027,-70.78026,"toi_niskin","022",3,4.135,4.135,-41.049,21.5066,85.8,-0.232,-0.6134,"1"
"EN668",2021-07-21 06:51:01,2021-07-21 06:51:00,41.02766,-70.87847,"toi_niskin","023",1,32.043,32.043,-199.67,17.9491,118,1.058,1.815,"1"
"EN668",2021-07-21 06:53:49,2021-07-21 06:53:00,41.0282,-70.87902,"toi_niskin","023",3,20.299,20.299,-147.1,19.1281,115,0.5011,0.7468,"1"
"EN668",2021-07-21 06:57:00,2021-07-21 06:57:00,41.0291,-70.87922,"toi_niskin","023",5,3.484,3.484,-55.176,21.1897,61.4,-0.0005533,-0.1196,"1"
"EN668",2021-07-21 07:26:00,2021-07-21 07:26:00,NA,NA,"toi_underway",NA,NA,0,0,-64.148,20.9885,57.3,0.1702,0.2181,"1"
"EN668",2021-07-21 11:08:55,2021-07-21 11:08:00,41.31762,-70.57864,"toi_niskin","025",1,15.795,15.795,-198.08,17.9848,112,0.768,1.267,"1"
"EN668",2021-07-21 11:12:59,2021-07-21 11:12:00,41.31744,-70.57812,"toi_niskin","025",13,3.82,3.82,-149.86,19.0663,113,0.324,0.4081,"1"
"EN668",2021-07-21 11:12:59,2021-07-21 11:12:00,41.31744,-70.57812,"toi_niskin","025",13,3.82,3.82,-149.34,19.0779,94.5,0.2966,0.3902,"1"
"AT46",2022-02-16 20:25:00,2022-02-16 20:25:00,NA,NA,"toi_underway",NA,NA,0,0,-58.626,21.1124,25.9,0.01381,-0.02643,"1"
"AT46",2022-02-16 21:18:00,2022-02-16 21:18:00,NA,NA,"toi_underway",NA,NA,0,0,-66.051,20.9459,25.2,0.07942,0.09949,"1"
"AT46",2022-02-16 21:20:00,2022-02-16 21:20:00,NA,NA,"toi_underway",NA,NA,0,0,-66.971,20.9252,27.7,0.08681,0.1105,"1"
"AT46",2022-02-16 23:17:00,2022-02-16 23:17:00,NA,NA,"toi_underway",NA,NA,0,0,-72.145,20.8092,30.7,0.122,0.1724,"1"
"AT46",2022-02-16 23:19:00,2022-02-16 23:19:00,NA,NA,"toi_underway",NA,NA,0,0,-72.066,20.811,24.8,0.1164,0.1729,"1"
"AT46",2022-02-17 02:32:03,2022-02-17 02:32:00,40.69683,-70.88188,"toi_niskin","002",1,59.674,58,-105.49,20.0612,32.6,0.5003,0.8975,"1"
"AT46",2022-02-17 02:35:11,2022-02-17 02:35:00,40.69698,-70.88178,"toi_niskin","002",3,51.953,51,-102.57,20.1269,33.8,0.471,0.8387,"1"
"AT46",2022-02-17 02:38:03,2022-02-17 02:38:00,40.69682,-70.8817,"toi_niskin","002",7,38.162,38,-99.934,20.186,32.3,0.4493,0.8003,"1"
"AT46",2022-02-17 02:41:48,2022-02-17 02:41:00,40.69726,-70.8815,"toi_niskin","002",13,17.405,17,-98.032,20.2286,20.9,0.4211,0.7679,"1"
"AT46",2022-02-17 02:45:20,2022-02-17 02:45:00,40.69738,-70.88134,"toi_niskin","002",18,2.711,2,-96.771,20.2569,35.2,0.4232,0.7442,"1"
"AT46",2022-02-17 02:46:00,2022-02-17 02:46:00,NA,NA,"toi_underway",NA,NA,0,0,-95.359,20.2886,33.5,0.3908,0.6849,"1"
"AT46",2022-02-17 02:47:00,2022-02-17 02:47:00,NA,NA,"toi_underway",NA,NA,0,0,-95.5,20.2854,21.7,0.3774,0.6817,"1"
"AT46",2022-02-17 05:23:59,2022-02-17 05:23:00,40.51412,-70.882,"toi_niskin","003",1,70.995,70.8,-97.745,20.235,23,0.4232,0.7676,"1"
"AT46",2022-02-17 05:35:10,2022-02-17 05:35:00,40.5141,-70.88124,"toi_niskin","003",9,27.679,27,-94.317,20.3119,25.6,0.4007,0.7193,"1"
"AT46",2022-02-17 05:40:22,2022-02-17 05:40:00,40.51412,-70.88072,"toi_niskin","003",12,3.049,2.9,-94.584,20.3059,18.8,0.3947,0.721,"1"
"AT46",2022-02-17 10:25:35,2022-02-17 10:25:00,40.36654,-70.77656,"toi_niskin","004",1,31.823,2,-82.512,20.5767,27,0.265,0.4544,"3"
"AT46",2022-02-17 10:25:35,2022-02-17 10:25:00,40.36654,-70.77656,"toi_niskin","004",1,31.823,2,-84.046,20.5423,25.7,0.2801,0.4869,"3"
"AT46",2022-02-17 10:33:46,2022-02-17 10:33:00,40.3665,-70.77604,"toi_niskin","004",3,3.332,30,-81.277,20.6044,32.3,0.2626,0.4404,"3"
"AT46",2022-02-17 11:32:00,2022-02-17 11:32:00,NA,NA,"toi_underway",NA,NA,0,0,-83.707,20.5499,41.9,0.2667,0.4291,"1"
"AT46",2022-02-17 11:34:00,2022-02-17 11:34:00,NA,NA,"toi_underway",NA,NA,0,0,-83.155,20.5623,19.3,0.241,0.4237,"1"
"AT46",2022-02-17 13:09:51,2022-02-17 13:09:00,40.36399,-70.88144,"toi_niskin","006",1,87.545,87,-145.44,19.1654,30.3,0.6637,1.217,"1"
"AT46",2022-02-17 13:14:47,2022-02-17 13:14:00,40.3641,-70.88138,"toi_niskin","006",5,71.414,70,-98.728,20.213,28.4,0.3943,0.7012,"1"
"AT46",2022-02-17 13:26:47,2022-02-17 13:26:00,40.36336,-70.88123,"toi_niskin","006",17,2.7,2.7,-87.284,20.4697,19.3,0.302,0.546,"1"
"AT46",2022-02-17 16:54:00,2022-02-17 16:54:00,NA,NA,"toi_underway",NA,NA,0,0,-59.795,21.0862,28.7,0.03639,0.009763,"1"
"AT46",2022-02-17 16:56:00,2022-02-17 16:56:00,NA,NA,"toi_underway",NA,NA,0,0,-60.876,21.0619,31.8,0.05105,0.03386,"1"
"AT46",2022-02-17 18:28:00,2022-02-17 18:28:00,NA,NA,"toi_underway",NA,NA,0,0,-60.432,21.0719,27.4,0.03444,0.01123,"1"
"AT46",2022-02-17 18:30:00,2022-02-17 18:30:00,NA,NA,"toi_underway",NA,NA,0,0,-59.536,21.092,29,0.03308,0.007188,"1"
"AT46",2022-02-17 18:55:00,2022-02-17 18:55:00,NA,NA,"toi_underway",NA,NA,0,0,-58.372,21.1181,39.5,-0.01066,-0.09914,"1"
"AT46",2022-02-17 19:58:00,2022-02-17 19:58:00,NA,NA,"toi_underway",NA,NA,0,0,-71.903,20.8146,27.1,0.1399,0.214,"1"
"AT46",2022-02-17 20:28:00,2022-02-17 20:28:00,NA,NA,"toi_underway",NA,NA,0,0,-61.848,21.0401,28.6,0.04606,0.03041,"1"
"AT46",2022-02-17 21:36:47,2022-02-17 18:29:00,39.7727,-70.8816,"toi_niskin","007",1,496.166,18,-67.542,20.9124,18.6,0.1344,0.2184,"3"
"AT46",2022-02-17 22:04:35,2022-02-17 18:33:00,39.77261,-70.88068,"toi_niskin","007",6,66.909,10,-62.601,21.0232,26.5,0.08818,0.1158,"3"
"AT46",2022-02-17 22:10:45,2022-02-17 18:35:00,39.77266,-70.88054,"toi_niskin","007",12,45.844,2,-60.144,21.0783,26,0.06654,0.07312,"3"
"AT46",2022-02-17 22:10:45,2022-02-17 18:35:00,39.77266,-70.88054,"toi_niskin","007",12,45.844,2,-59.836,21.0853,25.2,0.05078,0.04422,"3"
"AT46",2022-02-17 22:18:35,2022-02-17 22:18:00,39.77264,-70.88024,"toi_niskin","007",18,3.542,3.5,-123.18,19.6646,31.4,0.4195,0.7446,"1"
"AT46",2022-02-18 04:35:11,2022-02-18 04:35:00,40.09068,-70.86859,"toi_niskin","008",5,80.287,80,-126.52,19.5896,28.8,0.5973,1.091,"1"
"AT46",2022-02-18 04:47:46,2022-02-18 04:47:00,40.09053,-70.86636,"toi_niskin","008",18,16.642,16,-70.703,20.8415,34.7,0.1324,0.1865,"1"
"AT46",2022-02-18 04:50:00,2022-02-18 04:50:00,NA,NA,"toi_underway",NA,NA,0,0,-68.846,20.8832,28.1,0.09759,0.1305,"1"
"AT46",2022-02-18 04:50:52,2022-02-18 04:50:00,40.09048,-70.86578,"toi_niskin","008",21,1.98,2,-69.89,20.8598,18.6,0.1163,0.1836,"1"
"AT46",2022-02-18 04:50:52,2022-02-18 04:50:00,40.09048,-70.86578,"toi_niskin","008",21,1.98,2,-69.182,20.8756,51.4,0.1233,0.1382,"1"
"AT46",2022-02-18 04:52:00,2022-02-18 04:52:00,NA,NA,"toi_underway",NA,NA,0,0,-68.334,20.8947,23.9,0.09239,0.1286,"1"
"AT46",2022-02-18 08:09:18,2022-02-18 08:09:00,39.95148,-70.87704,"toi_niskin","009",8,49.25,49,-102.68,20.1243,28.1,0.3874,0.689,"1"
"AT46",2022-02-18 08:12:29,2022-02-18 08:12:00,39.95138,-70.87664,"toi_niskin","009",11,37.711,37,-89.421,20.4217,20,0.2778,0.4929,"1"
"AT46",2022-02-18 08:18:20,2022-02-18 08:18:00,39.95134,-70.87585,"toi_niskin","009",19,7.486,7,-77.785,20.6827,26.5,0.1762,0.2839,"1"
"AT46",2022-02-18 08:18:20,2022-02-18 08:18:00,39.95134,-70.87585,"toi_niskin","009",19,7.486,7,-77.794,20.6825,30.9,0.1832,0.2923,"1"
"AT46",2022-02-18 20:10:16,2022-02-18 20:10:00,40.09353,-70.77296,"toi_niskin","010",1,27.233,23,-85.836,20.5021,26.7,0.2516,0.4295,"1"
"AT46",2022-02-18 20:12:27,2022-02-18 20:12:00,40.09316,-70.77268,"toi_niskin","010",3,8.462,4,-89.444,20.4212,25.1,0.2746,0.4768,"1"
"AT46",2022-02-18 20:12:27,2022-02-18 20:12:00,40.09316,-70.77268,"toi_niskin","010",3,8.462,4,-89.416,20.4218,32.9,0.2808,0.4781,"1"
"AT46",2022-02-18 22:56:44,2022-02-18 22:56:00,40.09718,-70.99542,"toi_niskin","011",1,15.538,15,-95.275,20.2905,29.2,0.3336,0.5847,"1"
"AT46",2022-02-18 22:56:44,2022-02-18 22:56:00,40.09718,-70.99542,"toi_niskin","011",1,15.538,15,-95.027,20.296,23,0.3296,0.5895,"1"
"AT46",2022-02-18 22:56:55,2022-02-18 21:49:00,40.09718,-70.99546,"toi_niskin","011",2,15.045,225,-552.32,10.0402,78.6,4.067,7.731,"3"
"AT46",2022-02-19 00:43:00,2022-02-19 00:43:00,NA,NA,"toi_underway",NA,NA,0,0,-84.004,20.5432,23.9,0.239,0.4131,"1"
"AT46",2022-02-19 00:44:00,2022-02-19 00:44:00,NA,NA,"toi_underway",NA,NA,0,0,-84.599,20.5299,20.4,0.2353,0.415,"1"
"AT46",2022-02-19 03:20:41,2022-02-19 03:20:00,40.13464,-70.78158,"toi_niskin","013",1,127.537,128,-189.04,18.1876,32.8,0.9492,1.77,"1"
"AT46",2022-02-19 03:31:37,2022-02-19 03:31:00,40.1344,-70.782,"toi_niskin","013",9,43.906,45,-122.71,19.6752,19.8,0.5459,1.014,"1"
"AT46",2022-02-19 03:34:51,2022-02-19 03:34:00,40.13402,-70.78246,"toi_niskin","013",13,27.671,27,-99.176,20.203,28.9,0.3747,0.6679,"1"
"AT46",2022-02-19 03:38:22,2022-02-19 03:38:00,40.13348,-70.78298,"toi_niskin","013",18,7.029,6.5,-79.623,20.6415,25.1,0.232,0.398,"1"
"AT46",2022-02-19 03:38:22,2022-02-19 03:38:00,40.13348,-70.78298,"toi_niskin","013",18,7.029,6.5,-79.723,20.6392,28,0.2255,0.3815,"1"
"AT46",2022-02-19 03:40:00,2022-02-19 03:40:00,NA,NA,"toi_underway",NA,NA,0,0,-80.06,20.6317,30.2,0.2335,0.3902,"1"
"AT46",2022-02-19 03:41:00,2022-02-19 03:41:00,NA,NA,"toi_underway",NA,NA,0,0,-80.613,20.6193,24.8,0.2263,0.3892,"1"
"AT46",2022-02-19 06:04:15,2022-02-19 06:04:00,40.22398,-70.8868,"toi_niskin","014",7,52.982,53,-102.34,20.132,37.6,0.3998,0.6979,"1"
"AT46",2022-02-19 06:16:27,2022-02-19 06:16:00,40.22314,-70.88799,"toi_niskin","014",18,3.605,2.5,-79.241,20.65,32.7,0.2391,0.3968,"1"
"AT46",2022-02-19 06:16:27,2022-02-19 06:16:00,40.22314,-70.88799,"toi_niskin","014",18,3.605,2.5,-78.319,20.6707,29.7,0.232,0.3908,"1"
"AT46",2022-02-19 18:33:00,2022-02-19 18:33:00,NA,NA,"toi_underway",NA,NA,0,0,-87.918,20.4554,21.2,0.319,0.5751,"1"
"AT46",2022-02-19 18:35:00,2022-02-19 18:35:00,NA,NA,"toi_underway",NA,NA,0,0,-88.408,20.4444,26,0.3319,0.5861,"1"
"AT46",2022-02-19 23:44:31,2022-02-19 23:43:00,40.861,-70.88184,"toi_niskin","016",9,15.721,15.7,-69.62,20.8658,28.3,0.1806,0.2926,"1"
"AT46",2022-02-19 23:46:39,2022-02-19 23:47:00,40.86072,-70.88224,"toi_niskin","016",12,7.297,6.7,-68.858,20.8829,25.8,0.1667,0.2706,"1"
"AT46",2022-02-19 23:46:39,2022-02-19 23:47:00,40.86072,-70.88224,"toi_niskin","016",12,7.297,6.7,-68.855,20.883,26,0.1677,0.2723,"1"
"AT46",2022-02-20 01:17:03,2022-02-20 01:17:00,41.02708,-70.8851,"toi_niskin","017",1,39.795,39.9,-59.218,21.0991,25.4,0.07165,0.08619,"1"
"AT46",2022-02-20 01:19:06,2022-02-20 01:58:00,41.02688,-70.88536,"toi_niskin","017",3,27.753,24.7,-55.14,21.1906,25.7,0.03032,0.006512,"1"
"AT46",2022-02-20 01:21:35,2022-02-20 01:24:00,41.02673,-70.8854,"toi_niskin","017",8,15.679,15,-57.808,21.1307,35.2,0.06359,0.05242,"1"
"AT46",2022-02-20 01:23:30,2022-02-20 01:23:00,41.02704,-70.88586,"toi_niskin","017",13,6.899,7.1,-57.488,21.1379,40.2,0.0687,0.053,"1"
"AT46",2022-02-20 01:23:30,2022-02-20 01:23:00,41.02704,-70.88586,"toi_niskin","017",13,6.899,7.1,-74.743,20.7509,62.8,0.05847,-0.00838,"1"
"AT46",2022-02-20 01:25:00,2022-02-20 01:25:00,NA,NA,"toi_underway",NA,NA,0,0,-58.909,21.106,64.6,0.08127,0.03157,"1"
"AT46",2022-02-20 01:26:00,2022-02-20 01:26:00,NA,NA,"toi_underway",NA,NA,0,0,-59.448,21.0939,32.6,0.07497,0.08115,"1"
"AT46",2022-02-20 02:45:00,2022-02-20 02:45:00,NA,NA,"toi_underway",NA,NA,0,0,-72.809,20.7943,28.8,0.1803,0.2907,"1"
"AT46",2022-02-20 02:46:00,2022-02-20 02:46:00,NA,NA,"toi_underway",NA,NA,0,0,-71.68,20.8196,23.6,0.1626,0.2684,"1"
"AT46",2022-02-20 05:50:00,2022-02-20 05:50:00,NA,NA,"toi_underway",NA,NA,0,0,-61.478,21.0484,33.3,0.1061,0.1382,"1"
"AT46",2022-02-20 07:22:00,2022-02-20 07:22:00,NA,NA,"toi_underway",NA,NA,0,0,-64.693,20.9763,22.9,0.1213,0.1893,"1"
"AT46",2022-02-20 07:28:00,2022-02-20 07:28:00,NA,NA,"toi_underway",NA,NA,0,0,-64.29,20.9854,24.4,0.1067,0.1591,"1"
"AT46",2022-02-20 08:29:00,2022-02-20 08:29:00,NA,NA,"toi_underway",NA,NA,0,0,-62.754,21.0198,34.1,0.09966,0.1253,"1"
"AT46",2022-02-20 13:05:27,2022-02-20 13:05:00,40.6955,-70.77458,"toi_niskin","018",1,34.166,35,-87.854,20.4569,26.6,0.3311,0.588,"1"
"AT46",2022-02-20 13:09:05,2022-02-20 13:09:00,40.69542,-70.7747,"toi_niskin","018",3,4.445,4.8,-84.403,20.5343,61.7,0.3375,0.5326,"1"
"AT46",2022-02-20 14:59:44,2022-02-20 14:59:00,40.69616,-70.9942,"toi_niskin","019",2,34.352,35,-84.216,20.5385,18.8,0.3127,0.5657,"1"
"AT46",2022-02-20 15:02:00,2022-02-20 15:02:00,40.69626,-70.99447,"toi_niskin","019",4,18.711,19,-169.67,18.622,-25.5,0.3515,0.7283,"1"
"AT46",2022-02-20 15:09:15,2022-02-20 15:09:00,40.69616,-70.9953,"toi_niskin","019",6,3.059,3,-84.072,20.5417,32.8,0.3222,0.5567,"1"
"AT46",2022-02-20 16:28:53,2022-02-20 16:28:00,40.69522,-70.88771,"toi_niskin","020",3,37.188,36,-84.599,20.5299,26.1,0.3209,0.5687,"1"
"AT46",2022-02-20 16:31:19,2022-02-20 16:31:00,40.69516,-70.88818,"toi_niskin","020",5,18.243,19,-84.95,20.522,20,0.3263,0.5917,"1"
"AT46",2022-02-20 16:33:00,2022-02-20 16:33:00,NA,NA,"toi_underway",NA,NA,0,0,-84.126,20.5405,26.7,0.3053,0.5381,"1"
"AT46",2022-02-20 16:33:19,2022-02-20 16:33:00,40.69514,-70.88856,"toi_niskin","020",7,3.371,3.4,-84.403,20.5343,20.1,0.3083,0.5519,"1"
"AT46",2022-02-20 16:33:19,2022-02-20 16:33:00,40.69514,-70.88856,"toi_niskin","020",7,3.371,3.4,-84.902,20.5231,22.2,0.3145,0.5623,"1"
"AT46",2022-02-20 16:34:00,2022-02-20 16:34:00,NA,NA,"toi_underway",NA,NA,0,0,-84.987,20.5212,7.2,0.3,0.5634,"1"
"AT46",2022-02-20 20:55:00,2022-02-20 20:55:00,NA,NA,"toi_underway",NA,NA,0,0,-66.112,20.9445,22,0.1253,0.1986,"1"
"AT46",2022-02-20 20:57:00,2022-02-20 20:57:00,NA,NA,"toi_underway",NA,NA,0,0,-64.204,20.9873,24.5,0.1035,0.1492,"1"
"AT46",2022-02-20 21:30:00,2022-02-20 21:30:00,NA,NA,"toi_underway",NA,NA,0,0,-57.848,21.1298,14.4,0.02882,0.02743,"1"
"AT46",2022-02-20 22:07:00,2022-02-20 22:07:00,NA,NA,"toi_underway",NA,NA,0,0,-71.673,20.8198,23.6,0.172,0.2853,"1"
"AT46",2022-02-20 23:57:44,2022-02-20 23:57:00,41.02916,-70.88114,"toi_niskin","021",1,40.506,40.5,-63.888,20.9944,24.6,0.122,0.1847,"1"
"AT46",2022-02-21 02:48:48,2022-02-21 02:48:00,40.85908,-70.8815,"toi_niskin","022",5,5.846,5,-79.074,20.6538,17.3,0.2707,0.4872,"1"
"AT46",2022-02-21 02:48:48,2022-02-21 02:48:00,40.85908,-70.8815,"toi_niskin","022",5,5.846,5,-79.392,20.6467,25.7,0.2717,0.4752,"1"
"AT46",2022-02-21 02:48:48,2022-02-21 04:50:00,40.85908,-70.8815,"toi_niskin","022",5,5.846,4.8,-53.15,21.2352,27.3,0.01553,-0.02499,"3"
"AT46",2022-02-21 09:01:00,2022-02-21 09:01:00,NA,NA,"toi_underway",NA,NA,0,0,-61.378,21.0507,31.4,0.1247,0.1803,"1"
"AT46",2022-02-21 09:03:00,2022-02-21 09:03:00,NA,NA,"toi_underway",NA,NA,0,0,-64.237,20.9865,24.8,0.1223,0.1849,"1"
"AT46",2022-02-21 09:21:00,2022-02-21 09:21:00,NA,NA,"toi_underway",NA,NA,0,0,-62.907,21.0164,28.2,0.1118,0.1607,"1"
"AT46",2022-02-21 09:22:00,2022-02-21 09:22:00,NA,NA,"toi_underway",NA,NA,0,0,-63.79,20.9966,19.7,0.1084,0.1679,"1"
"AT46",2022-02-21 09:54:00,2022-02-21 09:54:00,NA,NA,"toi_underway",NA,NA,0,0,-74.014,20.7673,25.5,0.2089,0.3521,"1"
"AT46",2022-02-21 09:55:00,2022-02-21 09:55:00,NA,NA,"toi_underway",NA,NA,0,0,-77.479,20.6896,26.5,0.2364,0.4031,"1"
"AT46",2022-02-21 11:40:48,2022-02-21 11:40:00,41.32396,-70.56296,"toi_niskin","023",1,11.941,10,-88.162,20.45,19.5,0.3904,0.7116,"1"
"AT46",2022-02-21 11:45:48,2022-02-21 11:45:00,41.32422,-70.56262,"toi_niskin","023",6,2.137,2,-87.785,20.4584,16.4,0.3887,0.7169,"1"
"AT46",2022-02-21 11:45:48,2022-02-21 11:45:00,41.32422,-70.56262,"toi_niskin","023",6,2.137,2,-87.495,20.4649,25,0.3878,0.7007,"1"
"EN687",2022-07-29 19:19:35,2022-07-29 19:19:00,41.18947,-70.87581,"toi_niskin","001",2,17.913,18,-116.42,19.8162,133,-0.08186,-0.4138,"1"
"EN687",2022-07-29 19:25:08,2022-07-29 19:25:00,41.18978,-70.87478,"toi_niskin","001",13,13.435,13,-24.532,21.877,104,-0.5096,-1.185,"1"
"EN687",2022-07-29 19:27:11,2022-07-29 19:27:00,41.18964,-70.87434,"toi_niskin","001",18,3.196,3.2,-39.035,21.5518,67.3,-0.2448,-0.6023,"1"
"EN687",2022-07-30 03:03:19,2022-07-30 03:03:00,41.02686,-70.88333,"toi_niskin","002",4,30.285,30,-269.09,16.3922,124,1.71,3.066,"1"
"EN687",2022-07-30 03:06:55,2022-07-30 03:06:00,41.02644,-70.88295,"toi_niskin","002",9,13.652,14,-158.62,18.8699,146,0.4145,0.5186,"1"
"EN687",2022-07-30 03:09:00,2022-07-30 03:09:00,NA,NA,"toi_underway",NA,NA,0,0,-49.997,21.3059,81.8,-0.04697,-0.2487,"1"
"EN687",2022-07-30 03:09:05,2022-07-30 03:09:00,41.02624,-70.88264,"toi_niskin","002",15,2.922,2.92,-39.912,21.5321,85.8,-0.1592,-0.473,"1"
"EN687",2022-07-30 03:09:05,2022-07-30 03:09:00,41.02624,-70.88264,"toi_niskin","002",15,2.922,2.92,-40.125,21.5273,82,-0.1624,-0.4717,"1"
"EN687",2022-07-30 03:10:00,2022-07-30 03:10:00,NA,NA,"toi_underway",NA,NA,0,0,-43.236,21.4575,81.3,-0.1261,-0.4003,"1"
"EN687",2022-07-30 07:14:00,2022-07-30 07:14:00,NA,NA,"toi_underway",NA,NA,0,0,-89.35,20.4233,39.6,0.3661,0.6307,"1"
"EN687",2022-07-30 07:38:00,2022-07-30 07:38:00,NA,NA,"toi_underway",NA,NA,0,0,-89.134,20.4282,39.2,0.3682,0.6355,"1"
"EN687",2022-07-30 08:13:00,2022-07-30 08:13:00,40.69447,-70.77372,"toi_niskin","003",1,15.049,15,-18.78,22.006,131,-0.0398,-0.3302,"1"
"EN687",2022-07-30 08:43:00,2022-07-30 08:43:00,NA,NA,"toi_underway",NA,NA,0,0,-84.336,20.5358,35.1,0.271,0.4557,"1"
"EN687",2022-07-30 08:58:00,2022-07-30 08:58:00,NA,NA,"toi_underway",NA,NA,0,0,-81.161,20.607,40.2,0.2491,0.4036,"1"
"EN687",2022-07-30 09:14:00,2022-07-30 09:14:00,NA,NA,"toi_underway",NA,NA,0,0,-80.354,20.6251,45.7,0.2186,0.334,"1"
"EN687",2022-07-30 09:46:11,2022-07-30 09:46:00,40.69518,-70.99426,"toi_niskin","004",1,2.953,2.95,-67.567,20.9118,72.7,0.07489,0.004275,"1"
"EN687",2022-07-30 10:23:00,2022-07-30 10:23:00,NA,NA,"toi_underway",NA,NA,0,0,-84.157,20.5398,47.2,0.2869,0.463,"1"
"EN687",2022-07-30 11:46:58,2022-07-30 11:46:00,40.7006,-70.8843,"toi_niskin","005",1,62.023,62,-360.06,14.3521,87.7,2.822,5.294,"1"
"EN687",2022-07-30 11:50:11,2022-07-30 11:50:00,40.70163,-70.88464,"toi_niskin","005",3,40.327,40,-293.68,15.8409,133,2.581,4.737,"1"
"EN687",2022-07-30 11:52:53,2022-07-30 11:52:00,40.7023,-70.88494,"toi_niskin","005",7,30.255,30,7.3898,22.5929,167,-0.02024,-0.3605,"1"
"EN687",2022-07-30 11:55:13,2022-07-30 11:55:00,40.70282,-70.88522,"toi_niskin","005",16,15.782,16,-16.809,22.0502,116,-0.1295,-0.4733,"1"
"EN687",2022-07-30 11:57:38,2022-07-30 11:57:00,40.70332,-70.88542,"toi_niskin","005",18,2.871,2.87,-74.927,20.7468,44.9,0.1952,0.2904,"1"
"EN687",2022-07-30 12:00:00,2022-07-30 12:00:00,NA,NA,"toi_underway",NA,NA,0,0,-82.881,20.5684,45.8,0.2584,0.4107,"1"
"EN687",2022-07-30 12:03:00,2022-07-30 12:03:00,NA,NA,"toi_underway",NA,NA,0,0,-84.225,20.5383,47.3,0.2843,0.4577,"1"
"EN687",2022-07-30 14:19:45,2022-07-30 14:19:00,40.51578,-70.89289,"toi_niskin","006",7,33.266,33,-259.63,16.6044,128,1.944,3.512,"1"
"EN687",2022-07-30 14:23:39,2022-07-30 14:23:00,40.5164,-70.89399,"toi_niskin","006",10,23.235,23,10.143,22.6547,157,-0.3372,-0.9533,"1"
"EN687",2022-07-30 14:26:25,2022-07-30 14:26:00,40.51666,-70.89505,"toi_niskin","006",14,2.985,2.99,-85.259,20.5151,27.1,0.3191,0.564,"1"
"EN687",2022-07-30 17:45:00,2022-07-30 17:45:00,NA,NA,"toi_underway",NA,NA,0,0,-90.16,20.4052,19.5,0.3691,0.6753,"1"
"EN687",2022-07-30 19:55:00,2022-07-30 19:55:00,NA,NA,"toi_underway",NA,NA,0,0,-89.21,20.4265,19.7,0.3484,0.6347,"1"
"EN687",2022-07-30 21:54:00,2022-07-30 21:54:00,NA,NA,"toi_underway",NA,NA,0,0,-86.941,20.4774,28.2,0.3091,0.5425,"1"
"EN687",2022-07-31 03:39:00,2022-07-31 03:39:00,NA,NA,"toi_underway",NA,NA,0,0,-86.016,20.4981,27.2,0.3358,0.596,"1"
"EN687",2022-07-31 06:54:57,2022-07-31 06:54:00,39.91844,-70.89712,"toi_niskin","007",7,30.83,31,-170.58,18.6016,122,0.7789,1.269,"1"
"EN687",2022-07-31 06:58:28,2022-07-31 06:58:00,39.91804,-70.89846,"toi_niskin","007",14,15.09,15,-53.966,21.2169,63.9,0.078,0.02733,"1"
"EN687",2022-07-31 07:01:29,2022-07-31 07:01:00,39.91777,-70.89966,"toi_niskin","007",18,2.915,2.92,-82.406,20.5791,19.4,0.2857,0.5143,"1"
"EN687",2022-07-31 10:30:00,2022-07-31 10:30:00,NA,NA,"toi_underway",NA,NA,0,0,-87.913,20.4555,20.5,0.3465,0.6297,"1"
"EN687",2022-07-31 10:34:00,2022-07-31 10:34:00,NA,NA,"toi_underway",NA,NA,0,0,-88.581,20.4406,26.7,0.3649,0.6533,"1"
"EN687",2022-07-31 10:48:00,2022-07-31 10:48:00,NA,NA,"toi_underway",NA,NA,0,0,-90.556,20.3963,28,0.3911,0.7013,"1"
"EN687",2022-07-31 11:43:37,2022-07-31 11:43:00,39.77412,-70.78889,"toi_niskin","008",1,16.281,16,-11.353,22.1726,85.4,-0.255,-0.657,"1"
"EN687",2022-07-31 11:45:50,2022-07-31 11:45:00,39.77414,-70.78972,"toi_niskin","008",3,2.857,2.86,-84.578,20.5303,15.7,0.3212,0.59,"1"
"EN687",2022-07-31 12:10:00,2022-07-31 12:10:00,NA,NA,"toi_underway",NA,NA,0,0,-90.539,20.3967,14.9,0.3693,0.6845,"1"
"EN687",2022-07-31 12:17:00,2022-07-31 12:17:00,NA,NA,"toi_underway",NA,NA,0,0,-91.239,20.381,29.6,0.3886,0.6934,"1"
"EN687",2022-07-31 12:23:00,2022-07-31 12:23:00,NA,NA,"toi_underway",NA,NA,0,0,-91.044,20.3853,23.8,0.3885,0.7045,"1"
"EN687",2022-07-31 12:40:00,2022-07-31 12:40:00,NA,NA,"toi_underway",NA,NA,0,0,-90.049,20.4077,28.3,0.3929,0.7041,"1"
"EN687",2022-07-31 13:27:40,2022-07-31 13:27:00,39.77718,-71.00514,"toi_niskin","009",6,3.241,3.24,-82.243,20.5827,34.7,0.3112,0.5341,"1"
"EN687",2022-07-31 14:05:00,2022-07-31 14:05:00,NA,NA,"toi_underway",NA,NA,0,0,-86.601,20.485,21.3,0.3399,0.6154,"1"
"EN687",2022-07-31 16:23:12,2022-07-31 16:23:00,39.78155,-70.89156,"toi_niskin","010",8,37.61,37,-250.64,16.8061,104,1.688,3.063,"1"
"EN687",2022-07-31 16:25:51,2022-07-31 16:25:00,39.78206,-70.89198,"toi_niskin","010",12,23.025,23,61.107,23.7977,153,-0.7992,-1.836,"1"
"EN687",2022-07-31 16:28:40,2022-07-31 16:28:00,39.78262,-70.89242,"toi_niskin","010",18,12.188,12,-62.998,21.0143,36.1,0.1193,0.1607,"1"
"EN687",2022-07-31 16:30:00,2022-07-31 16:30:00,NA,NA,"toi_underway",NA,NA,0,0,-84.585,20.5302,30.9,0.3224,0.5631,"1"
"EN687",2022-07-31 16:31:45,2022-07-31 16:31:00,39.78328,-70.89298,"toi_niskin","010",24,2.913,2.91,-85.436,20.5111,20.2,0.3255,0.5898,"1"
"EN687",2022-07-31 16:31:45,2022-07-31 16:31:00,39.78328,-70.89298,"toi_niskin","010",24,2.913,2.91,-86.065,20.497,27.6,0.3285,0.5811,"1"
"EN687",2022-07-31 16:32:00,2022-07-31 16:32:00,NA,NA,"toi_underway",NA,NA,0,0,-84.664,20.5284,27.2,0.3202,0.566,"1"
"EN687",2022-08-01 00:10:00,2022-08-01 00:10:00,NA,NA,"toi_underway",NA,NA,0,0,-82.414,20.5789,38.3,0.3113,0.5273,"1"
"EN687",2022-08-01 02:01:00,2022-08-01 02:01:00,NA,NA,"toi_underway",NA,NA,0,0,-86.238,20.4931,28.9,0.2993,0.5222,"1"
"EN687",2022-08-01 02:56:00,2022-08-01 02:56:00,NA,NA,"toi_underway",NA,NA,0,0,-79.363,20.6473,38.7,0.2758,0.4579,"1"
"EN687",2022-08-01 03:20:00,2022-08-01 03:20:00,NA,NA,"toi_underway",NA,NA,0,0,-84.976,20.5214,35.9,0.3142,0.5376,"1"
"EN687",2022-08-01 04:01:45,2022-08-01 04:01:00,40.0931,-70.77272,"toi_niskin","011",1,15.694,16,-5.085,22.3132,126,-0.5673,-1.338,"1"
"EN687",2022-08-01 04:04:12,2022-08-01 04:04:00,40.09259,-70.77251,"toi_niskin","011",3,2.855,2.86,-73.863,20.7707,33.1,0.1922,0.3072,"1"
"EN687",2022-08-01 04:35:00,2022-08-01 04:35:00,NA,NA,"toi_underway",NA,NA,0,0,-86.599,20.485,23.4,0.2994,0.5331,"1"
"EN687",2022-08-01 04:49:00,2022-08-01 04:49:00,NA,NA,"toi_underway",NA,NA,0,0,-85.841,20.502,31,0.2992,0.518,"1"
"EN687",2022-08-01 05:03:00,2022-08-01 05:03:00,NA,NA,"toi_underway",NA,NA,0,0,-87.339,20.4684,28.3,0.3182,0.5601,"1"
"EN687",2022-08-01 05:45:46,2022-08-01 05:45:00,40.09694,-70.99008,"toi_niskin","012",1,3.096,3.1,-78.814,20.6596,27.1,0.23,0.3919,"1"
"EN687",2022-08-01 06:28:00,2022-08-01 06:28:00,NA,NA,"toi_underway",NA,NA,0,0,-83.902,20.5455,32.2,0.2951,0.5077,"1"
"EN687",2022-08-01 08:02:26,2022-08-01 08:02:00,40.08956,-70.87959,"toi_niskin","013",11,31.993,32,-143.77,19.2028,108,0.2104,0.1981,"1"
"EN687",2022-08-01 08:05:02,2022-08-01 08:05:00,40.08922,-70.87906,"toi_niskin","013",15,14.969,15,-40.928,21.5093,136,-0.2711,-0.7861,"1"
"EN687",2022-08-01 08:07:26,2022-08-01 08:07:00,40.08894,-70.87862,"toi_niskin","013",18,3.303,3.3,-80.057,20.6317,35.6,0.2407,0.3962,"1"
"EN687",2022-08-01 10:54:45,2022-08-01 10:54:00,39.94844,-70.7695,"toi_niskin","015",3,16.335,16,-2.3146,22.3753,142,-0.2353,-0.7291,"1"
"EN687",2022-08-01 10:56:46,2022-08-01 10:56:00,39.9486,-70.76984,"toi_niskin","015",5,2.771,2.77,-78.281,20.6716,43.2,0.2901,0.4768,"1"
"EN687",2022-08-01 13:27:09,2022-08-01 13:27:00,40.14238,-70.7726,"toi_niskin","016",1,128.116,128,-374.82,14.021,47,2.606,4.953,"1"
"EN687",2022-08-01 13:38:16,2022-08-01 13:38:00,40.14402,-70.77324,"toi_niskin","016",6,53.431,53,-274.27,16.2761,75.2,1.927,3.582,"1"
"EN687",2022-08-01 13:41:48,2022-08-01 13:41:00,40.14452,-70.7735,"toi_niskin","016",8,36.18,36.18,-134.08,19.4201,113,0.2044,0.1766,"1"
"EN687",2022-08-01 13:44:26,2022-08-01 13:44:00,40.1448,-70.7736,"toi_niskin","016",12,19.12,19,84.952,24.3324,141,-1.157,-2.503,"1"
"EN687",2022-08-01 13:47:12,2022-08-01 13:47:00,40.14514,-70.77372,"toi_niskin","016",18,2.71,2.71,-83.044,20.5648,21.1,0.2705,0.4815,"1"
"EN687",2022-08-01 13:47:12,2022-08-01 13:47:00,40.14514,-70.77372,"toi_niskin","016",18,2.71,2.71,-83.258,20.5599,30.9,0.2817,0.4844,"1"
"EN687",2022-08-01 13:48:00,2022-08-01 13:48:00,NA,NA,"toi_underway",NA,NA,0,0,-92.049,20.3628,23.8,0.3641,0.6573,"1"
"EN687",2022-08-01 13:50:00,2022-08-01 13:50:00,NA,NA,"toi_underway",NA,NA,0,0,-91.483,20.3755,29.4,0.3639,0.6461,"1"
"EN687",2022-08-01 17:29:00,2022-08-01 17:29:00,NA,NA,"toi_underway",NA,NA,0,0,-90.021,20.4083,27.2,0.3546,0.6323,"1"
"EN687",2022-08-01 19:33:00,2022-08-01 19:33:00,NA,NA,"toi_underway",NA,NA,0,0,-85.62,20.507,33.7,0.3338,0.5797,"1"
"EN687",2022-08-01 21:42:00,2022-08-01 21:42:00,NA,NA,"toi_underway",NA,NA,0,0,-87.612,20.4623,36.2,0.3416,0.59,"1"
"EN687",2022-08-02 01:15:00,2022-08-02 01:15:00,NA,NA,"toi_underway",NA,NA,0,0,-88.893,20.4336,16.4,0.3263,0.5984,"1"
"EN687",2022-08-02 03:36:28,2022-08-02 03:36:00,40.35955,-70.87964,"toi_niskin","018",4,40.473,40,-296.65,15.7742,102,2.33,4.311,"1"
"EN687",2022-08-02 03:41:14,2022-08-02 03:41:00,40.35916,-70.87846,"toi_niskin","018",9,18.976,19,17.472,22.819,133,-0.3154,-0.8651,"1"
"EN687",2022-08-02 03:44:52,2022-08-02 03:44:00,40.35888,-70.87758,"toi_niskin","018",16,14.078,14,-28.502,21.788,83.3,-0.1588,-0.4673,"1"
"EN687",2022-08-02 03:47:22,2022-08-02 03:47:00,40.35864,-70.87697,"toi_niskin","018",20,3.074,3.07,-78.654,20.6632,26,0.2474,0.4277,"1"
"EN687",2022-08-02 05:30:00,2022-08-02 05:30:00,NA,NA,"toi_underway",NA,NA,0,0,-75.766,20.728,34,0.2281,0.3748,"1"
"EN687",2022-08-02 06:30:06,2022-08-02 06:30:00,40.35634,-70.7744,"toi_niskin","019",1,17.129,17,1.9883,22.4718,152,-0.4973,-1.254,"1"
"EN687",2022-08-02 06:32:28,2022-08-02 06:32:00,40.3555,-70.77446,"toi_niskin","019",3,3.371,3.37,-76.052,20.7216,40.9,0.2512,0.4061,"1"
"EN687",2022-08-02 06:58:00,2022-08-02 06:58:00,NA,NA,"toi_underway",NA,NA,0,0,-82.066,20.5867,35,0.3079,0.5272,"1"
"EN687",2022-08-02 07:12:00,2022-08-02 07:12:00,NA,NA,"toi_underway",NA,NA,0,0,-84.364,20.5351,30.1,0.322,0.5637,"1"
"EN687",2022-08-02 07:32:00,2022-08-02 07:32:00,NA,NA,"toi_underway",NA,NA,0,0,-87.119,20.4734,17.6,0.3344,0.6119,"1"
"EN687",2022-08-02 08:04:49,2022-08-02 08:04:00,40.35648,-70.99606,"toi_niskin","020",1,3.398,3.4,-81.366,20.6024,31.1,0.2871,0.4943,"1"
"EN687",2022-08-02 08:42:00,2022-08-02 08:42:00,NA,NA,"toi_underway",NA,NA,0,0,-90.761,20.3917,19.4,0.3613,0.6603,"1"
"EN687",2022-08-02 11:15:06,2022-08-02 11:15:00,40.22728,-70.87236,"toi_niskin","021",9,31.692,31,-111,19.9378,134,0.3122,0.3439,"1"
"EN687",2022-08-02 11:17:22,2022-08-02 11:17:00,40.2271,-70.87168,"toi_niskin","021",13,21.767,22,27.075,23.0344,131,-0.5776,-1.367,"1"
"EN687",2022-08-02 11:20:03,2022-08-02 11:20:00,40.22694,-70.87066,"toi_niskin","021",17,3.247,3.24,-71.805,20.8168,39.4,0.1771,0.2659,"1"
"EN687",2022-08-02 17:42:00,2022-08-02 17:42:00,NA,NA,"toi_underway",NA,NA,0,0,-90.541,20.3966,22.1,0.3496,0.6324,"1"
"EN687",2022-08-02 18:58:00,2022-08-02 18:58:00,NA,NA,"toi_underway",NA,NA,0,0,-88.305,20.4468,15.2,0.3193,0.5873,"1"
"EN687",2022-08-02 20:02:00,2022-08-02 20:02:00,NA,NA,"toi_underway",NA,NA,0,0,-84.927,20.5225,33.4,0.2702,0.4573,"1"
"EN687",2022-08-02 21:19:48,2022-08-02 21:19:00,40.86302,-70.8778,"toi_niskin","022",3,35.525,35,-272.94,16.306,129,2.217,4.04,"1"
"EN687",2022-08-02 21:24:19,2022-08-02 21:24:00,40.86328,-70.87639,"toi_niskin","022",10,15.316,15,11.078,22.6757,168,-0.2977,-0.898,"1"
"EN687",2022-08-02 21:26:52,2022-08-02 21:26:00,40.86342,-70.87558,"toi_niskin","022",13,3.236,3.24,-68.302,20.8954,51.2,0.09325,0.08121,"1"
"EN687",2022-08-02 23:48:00,2022-08-02 23:48:00,NA,NA,"toi_underway",NA,NA,0,0,-79.44,20.6456,39.8,0.2564,0.4184,"1"
"EN687",2022-08-03 01:30:45,2022-08-03 01:30:00,41.03166,-70.88324,"toi_niskin","023",4,20.33,20,-156.35,18.9207,139,0.2817,0.2763,"1"
"EN687",2022-08-03 01:32:31,2022-08-03 01:32:00,41.03164,-70.88306,"toi_niskin","023",5,14.879,15,-158.99,18.8615,154,0.3344,0.3486,"1"
"EN687",2022-08-03 01:34:32,2022-08-03 01:34:00,41.03162,-70.88286,"toi_niskin","023",7,3.801,3.8,11.862,22.6932,165,-0.7223,-1.712,"1"
"EN687",2022-08-03 02:32:52,2022-08-03 02:32:00,41.02826,-70.7706,"toi_niskin","024",1,14.854,15,-22.12,21.9311,156,-0.3092,-0.8983,"1"
"EN687",2022-08-03 02:34:50,2022-08-03 02:34:00,41.02822,-70.77028,"toi_niskin","024",3,3.226,3.2,-53.184,21.2344,57.2,-0.02565,-0.16,"1"
"EN687",2022-08-03 03:03:00,2022-08-03 03:03:00,NA,NA,"toi_underway",NA,NA,0,0,-62.754,21.0198,56.3,0.06615,0.01896,"1"
"EN687",2022-08-03 03:19:00,2022-08-03 03:19:00,NA,NA,"toi_underway",NA,NA,0,0,-55.768,21.1765,54.8,-0.08568,-0.2712,"1"
"EN687",2022-08-03 03:33:00,2022-08-03 03:33:00,NA,NA,"toi_underway",NA,NA,0,0,-52.282,21.2547,67.7,-0.1128,-0.3485,"1"
"EN687",2022-08-03 04:05:06,2022-08-03 04:05:00,41.028,-70.99286,"toi_niskin","025",1,2.911,2.91,-32.748,21.6927,77.4,-0.3247,-0.776,"1"
"EN687",2022-08-03 05:40:00,2022-08-03 05:40:00,NA,NA,"toi_underway",NA,NA,0,0,-48.828,21.3321,69.1,-0.2,-0.5195,"1"
"EN687",2022-08-03 06:21:00,2022-08-03 06:21:00,NA,NA,"toi_underway",NA,NA,0,0,-44.892,21.4204,80.1,-0.411,-0.9477,"1"
"EN687",2022-08-03 08:05:00,2022-08-03 08:05:00,NA,NA,"toi_underway",NA,NA,0,0,-70.985,20.8352,87.2,-0.4378,-1.013,"1"
"EN687",2022-08-03 08:05:22,2022-08-03 08:05:00,41.31822,-70.57553,"toi_niskin","026",6,2.894,2.89,-58.962,21.1048,80.3,-0.4956,-1.111,"1"
"EN655",NA,2020-07-26 01:41:00,NA,NA,"toi_niskin","004",9,NA,32.977,-203.86,17.8552,70.6,1.223,2.188,"4"
"EN655",NA,2020-07-26 01:43:00,NA,NA,"toi_niskin","004",13,NA,14.29,-10.838,22.1841,116,-0.5127,-1.231,"4"
"EN655",NA,2020-07-26 07:20:00,NA,NA,"toi_niskin","006",9,NA,23.675,36.178,23.2386,138,-0.6611,-1.569,"4"
"EN655",NA,2020-07-26 07:24:00,NA,NA,"toi_niskin","006",15,NA,1.527,-69.5,20.8685,42.6,0.116,0.1363,"4"
"AT46",NA,2022-02-17 08:16:00,NA,NA,"toi_niskin","004",18,NA,2,-96.506,20.2628,19.5,0.4106,0.7503,"4"
"AT46",NA,2022-02-18 21:54:00,NA,NA,"toi_niskin","011",3,NA,155,-352.68,14.5176,56.7,2.14,4.003,"4"
